time,lon,lat,cat,text
2022-07-05 10:20:00,4.13939189,50.65005874,5,TRAFFIC_EVENTS_CATEGORY/HAZARD/TRIGGERED_AUTOMATED_RARE/ACCIDENT
2022-07-05 10:25:00,5.48493003,50.28678131,5,TRAFFIC_EVENTS_CATEGORY/HAZARD/TRIGGERED_AUTOMATED_RARE/ACCIDENT
2022-07-05 10:25:00,5.48485708,50.28671646,5,TRAFFIC_EVENTS_CATEGORY/HAZARD/TRIGGERED_AUTOMATED_RARE/ACCIDENT
2022-07-05 10:25:00,5.48483276,50.28669357,5,TRAFFIC_EVENTS_CATEGORY/HAZARD/TRIGGERED_AUTOMATED_RARE/ACCIDENT
2022-07-05 10:25:00,5.48485708,50.28671646,5,TRAFFIC_EVENTS_CATEGORY/HAZARD/TRIGGERED_AUTOMATED_RARE/ACCIDENT
2022-07-05 10:25:00,5.48485708,50.28671646,5,TRAFFIC_EVENTS_CATEGORY/HAZARD/TRIGGERED_AUTOMATED_RARE/ACCIDENT
2022-07-05 10:25:00,5.48485708,50.28671646,5,TRAFFIC_EVENTS_CATEGORY/HAZARD/TRIGGERED_AUTOMATED_RARE/ACCIDENT
2022-07-05 10:25:00,5.0,50.0,5,TRAFFIC_EVENTS_CATEGORY/HAZARD/TRIGGERED_AUTOMATED_RARE/ACCIDENT
2022-07-05 10:25:00,5.48485708,50.28671646,5,TRAFFIC_EVENTS_CATEGORY/HAZARD/TRIGGERED_AUTOMATED_RARE/ACCIDENT
2022-07-05 11:30:00,4.33950996,51.33322143,6,TRAFFIC_EVENTS_CATEGORY/HAZARD/TRIGGERED_MANUALLY/ACCIDENT
2022-07-05 11:30:00,4.33950996,51.33322143,6,TRAFFIC_EVENTS_CATEGORY/HAZARD/TRIGGERED_MANUALLY/ACCIDENT
2022-07-05 11:30:00,4.33949995,51.33322143,6,TRAFFIC_EVENTS_CATEGORY/HAZARD/TRIGGERED_MANUALLY/ACCIDENT
2022-07-05 11:30:00,4.33949995,51.33322143,6,TRAFFIC_EVENTS_CATEGORY/HAZARD/TRIGGERED_MANUALLY/ACCIDENT
2022-07-05 11:30:00,4.0,51.0,6,TRAFFIC_EVENTS_CATEGORY/HAZARD/TRIGGERED_MANUALLY/ACCIDENT
2022-07-05 11:45:00,4.33899116,51.3333702,6,TRAFFIC_EVENTS_CATEGORY/HAZARD/TRIGGERED_MANUALLY/ACCIDENT
2022-07-05 11:45:00,4.33963108,51.33343124,6,TRAFFIC_EVENTS_CATEGORY/HAZARD/TRIGGERED_MANUALLY/ACCIDENT
2022-07-05 11:45:00,4.33961105,51.33341598,6,TRAFFIC_EVENTS_CATEGORY/HAZARD/TRIGGERED_MANUALLY/ACCIDENT
2022-07-05 11:45:00,4.34585618,51.3253746,6,TRAFFIC_EVENTS_CATEGORY/HAZARD/TRIGGERED_MANUALLY/ACCIDENT
2022-07-05 11:45:00,4.34583282,51.32535934,6,TRAFFIC_EVENTS_CATEGORY/HAZARD/TRIGGERED_MANUALLY/ACCIDENT
2022-07-05 11:45:00,4.34583282,51.32535934,6,TRAFFIC_EVENTS_CATEGORY/HAZARD/TRIGGERED_MANUALLY/ACCIDENT
2022-07-05 11:45:00,4.0,51.0,6,TRAFFIC_EVENTS_CATEGORY/HAZARD/TRIGGERED_MANUALLY/ACCIDENT
2022-07-05 11:45:00,4.0,51.0,6,TRAFFIC_EVENTS_CATEGORY/HAZARD/TRIGGERED_MANUALLY/ACCIDENT
2022-07-05 12:20:00,5.55996704,50.60803985,6,TRAFFIC_EVENTS_CATEGORY/HAZARD/TRIGGERED_MANUALLY/ACCIDENT
2022-07-05 12:20:00,5.56001949,50.6080513,6,TRAFFIC_EVENTS_CATEGORY/HAZARD/TRIGGERED_MANUALLY/ACCIDENT
2022-07-05 12:20:00,5.56019115,50.60809326,6,TRAFFIC_EVENTS_CATEGORY/HAZARD/TRIGGERED_MANUALLY/ACCIDENT
2022-07-05 12:20:00,5.56032705,50.60812377,6,TRAFFIC_EVENTS_CATEGORY/HAZARD/TRIGGERED_MANUALLY/ACCIDENT
2022-07-05 12:20:00,5.56200361,50.60837173,6,TRAFFIC_EVENTS_CATEGORY/HAZARD/TRIGGERED_MANUALLY/ACCIDENT
2022-07-05 12:20:00,5.56200361,50.60837173,6,TRAFFIC_EVENTS_CATEGORY/HAZARD/TRIGGERED_MANUALLY/ACCIDENT
2022-07-05 12:20:00,5.0,50.0,6,TRAFFIC_EVENTS_CATEGORY/HAZARD/TRIGGERED_MANUALLY/ACCIDENT
2022-07-05 12:20:00,5.56200361,50.60837173,6,TRAFFIC_EVENTS_CATEGORY/HAZARD/TRIGGERED_MANUALLY/ACCIDENT
2022-07-05 12:20:00,5.56200361,50.60837173,6,TRAFFIC_EVENTS_CATEGORY/HAZARD/TRIGGERED_MANUALLY/ACCIDENT
2022-07-05 12:30:00,5.7605009,50.63676071,6,TRAFFIC_EVENTS_CATEGORY/HAZARD/TRIGGERED_MANUALLY/ACCIDENT
2022-07-05 12:30:00,5.7605009,50.63676071,6,TRAFFIC_EVENTS_CATEGORY/HAZARD/TRIGGERED_MANUALLY/ACCIDENT
2022-07-05 12:30:00,5.7605009,50.63676071,6,TRAFFIC_EVENTS_CATEGORY/HAZARD/TRIGGERED_MANUALLY/ACCIDENT
2022-07-05 12:30:00,5.7605009,50.63676071,6,TRAFFIC_EVENTS_CATEGORY/HAZARD/TRIGGERED_MANUALLY/ACCIDENT
2022-07-05 12:30:00,5.7605009,50.63676071,6,TRAFFIC_EVENTS_CATEGORY/HAZARD/TRIGGERED_MANUALLY/ACCIDENT
2022-07-05 12:30:00,5.7605009,50.63676071,6,TRAFFIC_EVENTS_CATEGORY/HAZARD/TRIGGERED_MANUALLY/ACCIDENT
2022-07-05 12:30:00,5.0,50.0,6,TRAFFIC_EVENTS_CATEGORY/HAZARD/TRIGGERED_MANUALLY/ACCIDENT
2022-07-05 10:35:00,9.07668209,47.44338226,6,TRAFFIC_EVENTS_CATEGORY/HAZARD/TRIGGERED_MANUALLY/ACCIDENT
2022-07-05 10:35:00,9.07666683,47.44335937,6,TRAFFIC_EVENTS_CATEGORY/HAZARD/TRIGGERED_MANUALLY/ACCIDENT
2022-07-05 10:35:00,9.07668209,47.44338226,6,TRAFFIC_EVENTS_CATEGORY/HAZARD/TRIGGERED_MANUALLY/ACCIDENT
2022-07-05 10:35:00,9.0,47.0,6,TRAFFIC_EVENTS_CATEGORY/HAZARD/TRIGGERED_MANUALLY/ACCIDENT
2022-07-05 10:35:00,9.07668209,47.44338226,6,TRAFFIC_EVENTS_CATEGORY/HAZARD/TRIGGERED_MANUALLY/ACCIDENT
2022-07-05 11:25:00,9.0,47.0,6,TRAFFIC_EVENTS_CATEGORY/HAZARD/TRIGGERED_MANUALLY/ACCIDENT
2022-07-05 11:55:00,7.09591722,46.78792953,5,TRAFFIC_EVENTS_CATEGORY/HAZARD/TRIGGERED_AUTOMATED_RARE/ACCIDENT
2022-07-05 11:55:00,7.09620904,46.78806686,5,TRAFFIC_EVENTS_CATEGORY/HAZARD/TRIGGERED_AUTOMATED_RARE/ACCIDENT
2022-07-05 11:55:00,7.09620904,46.78806686,5,TRAFFIC_EVENTS_CATEGORY/HAZARD/TRIGGERED_AUTOMATED_RARE/ACCIDENT
2022-07-05 11:55:00,7.09620904,46.78806686,5,TRAFFIC_EVENTS_CATEGORY/HAZARD/TRIGGERED_AUTOMATED_RARE/ACCIDENT
2022-07-05 11:55:00,7.09620904,46.78806686,5,TRAFFIC_EVENTS_CATEGORY/HAZARD/TRIGGERED_AUTOMATED_RARE/ACCIDENT
2022-07-05 11:55:00,7.09620904,46.78806686,5,TRAFFIC_EVENTS_CATEGORY/HAZARD/TRIGGERED_AUTOMATED_RARE/ACCIDENT
2022-07-05 11:55:00,7.0,46.0,5,TRAFFIC_EVENTS_CATEGORY/HAZARD/TRIGGERED_AUTOMATED_RARE/ACCIDENT
2022-07-05 11:55:00,7.09621,46.78807067,5,TRAFFIC_EVENTS_CATEGORY/HAZARD/TRIGGERED_AUTOMATED_RARE/ACCIDENT
2022-07-05 12:00:00,8.26720333,47.49679565,6,TRAFFIC_EVENTS_CATEGORY/HAZARD/TRIGGERED_MANUALLY/ACCIDENT
2022-07-05 12:00:00,8.26719379,47.49677658,6,TRAFFIC_EVENTS_CATEGORY/HAZARD/TRIGGERED_MANUALLY/ACCIDENT
2022-07-05 12:00:00,8.26703357,47.49662399,6,TRAFFIC_EVENTS_CATEGORY/HAZARD/TRIGGERED_MANUALLY/ACCIDENT
2022-07-05 12:00:00,8.0,47.0,6,TRAFFIC_EVENTS_CATEGORY/HAZARD/TRIGGERED_MANUALLY/ACCIDENT
2022-07-05 12:00:00,8.26703357,47.49662399,6,TRAFFIC_EVENTS_CATEGORY/HAZARD/TRIGGERED_MANUALLY/ACCIDENT
2022-07-05 10:00:00,9.20166873,48.49512481,6,TRAFFIC_EVENTS_CATEGORY/HAZARD/TRIGGERED_MANUALLY/ACCIDENT
2022-07-05 10:00:00,9.20166683,48.49510955,6,TRAFFIC_EVENTS_CATEGORY/HAZARD/TRIGGERED_MANUALLY/ACCIDENT
2022-07-05 10:00:00,9.20166873,48.49512481,6,TRAFFIC_EVENTS_CATEGORY/HAZARD/TRIGGERED_MANUALLY/ACCIDENT
2022-07-05 10:00:00,9.0,48.0,6,TRAFFIC_EVENTS_CATEGORY/HAZARD/TRIGGERED_MANUALLY/ACCIDENT
2022-07-05 10:00:00,9.20166873,48.49512481,6,TRAFFIC_EVENTS_CATEGORY/HAZARD/TRIGGERED_MANUALLY/ACCIDENT
2022-07-05 10:00:00,9.20166873,48.49512481,6,TRAFFIC_EVENTS_CATEGORY/HAZARD/TRIGGERED_MANUALLY/ACCIDENT
2022-07-05 10:15:00,11.58158779,52.10549926,6,TRAFFIC_EVENTS_CATEGORY/HAZARD/TRIGGERED_MANUALLY/ACCIDENT
2022-07-05 10:15:00,11.58158779,52.10549926,6,TRAFFIC_EVENTS_CATEGORY/HAZARD/TRIGGERED_MANUALLY/ACCIDENT
2022-07-05 10:15:00,11.58158302,52.10549926,6,TRAFFIC_EVENTS_CATEGORY/HAZARD/TRIGGERED_MANUALLY/ACCIDENT
2022-07-05 10:15:00,11.58158779,52.10549926,6,TRAFFIC_EVENTS_CATEGORY/HAZARD/TRIGGERED_MANUALLY/ACCIDENT
2022-07-05 10:15:00,11.58158779,52.10549926,6,TRAFFIC_EVENTS_CATEGORY/HAZARD/TRIGGERED_MANUALLY/ACCIDENT
2022-07-05 10:15:00,11.0,52.0,6,TRAFFIC_EVENTS_CATEGORY/HAZARD/TRIGGERED_MANUALLY/ACCIDENT
2022-07-05 10:25:00,11.56859874,48.1918106,6,TRAFFIC_EVENTS_CATEGORY/HAZARD/TRIGGERED_MANUALLY/ACCIDENT
2022-07-05 10:25:00,11.56859874,48.1918106,6,TRAFFIC_EVENTS_CATEGORY/HAZARD/TRIGGERED_MANUALLY/ACCIDENT
2022-07-05 10:25:00,11.56859874,48.1918106,6,TRAFFIC_EVENTS_CATEGORY/HAZARD/TRIGGERED_MANUALLY/ACCIDENT
2022-07-05 10:25:00,11.56859874,48.1918106,6,TRAFFIC_EVENTS_CATEGORY/HAZARD/TRIGGERED_MANUALLY/ACCIDENT
2022-07-05 10:25:00,11.56859874,48.1918106,6,TRAFFIC_EVENTS_CATEGORY/HAZARD/TRIGGERED_MANUALLY/ACCIDENT
2022-07-05 10:25:00,11.56859874,48.1918106,6,TRAFFIC_EVENTS_CATEGORY/HAZARD/TRIGGERED_MANUALLY/ACCIDENT
2022-07-05 10:25:00,11.56859874,48.1918106,6,TRAFFIC_EVENTS_CATEGORY/HAZARD/TRIGGERED_MANUALLY/ACCIDENT
2022-07-05 10:25:00,11.56859874,48.1918106,6,TRAFFIC_EVENTS_CATEGORY/HAZARD/TRIGGERED_MANUALLY/ACCIDENT
2022-07-05 10:25:00,11.56859874,48.1918106,6,TRAFFIC_EVENTS_CATEGORY/HAZARD/TRIGGERED_MANUALLY/ACCIDENT
2022-07-05 10:25:00,11.56859874,48.1918106,6,TRAFFIC_EVENTS_CATEGORY/HAZARD/TRIGGERED_MANUALLY/ACCIDENT
2022-07-05 10:25:00,11.56859874,48.1918106,6,TRAFFIC_EVENTS_CATEGORY/HAZARD/TRIGGERED_MANUALLY/ACCIDENT
2022-07-05 10:25:00,11.0,48.0,6,TRAFFIC_EVENTS_CATEGORY/HAZARD/TRIGGERED_MANUALLY/ACCIDENT
2022-07-05 10:40:00,10.935997,49.57170867,6,TRAFFIC_EVENTS_CATEGORY/HAZARD/TRIGGERED_MANUALLY/ACCIDENT
2022-07-05 10:40:00,10.93627738,49.57147216,6,TRAFFIC_EVENTS_CATEGORY/HAZARD/TRIGGERED_MANUALLY/ACCIDENT
2022-07-05 10:40:00,10.93770599,49.57032012,6,TRAFFIC_EVENTS_CATEGORY/HAZARD/TRIGGERED_MANUALLY/ACCIDENT
2022-07-05 10:40:00,10.93770599,49.57032012,6,TRAFFIC_EVENTS_CATEGORY/HAZARD/TRIGGERED_MANUALLY/ACCIDENT
2022-07-05 10:45:00,8.8044691,51.93858337,6,TRAFFIC_EVENTS_CATEGORY/HAZARD/TRIGGERED_MANUALLY/ACCIDENT
2022-07-05 10:45:00,8.8044691,51.93858337,6,TRAFFIC_EVENTS_CATEGORY/HAZARD/TRIGGERED_MANUALLY/ACCIDENT
2022-07-05 10:45:00,8.8044691,51.93858337,6,TRAFFIC_EVENTS_CATEGORY/HAZARD/TRIGGERED_MANUALLY/ACCIDENT
2022-07-05 10:45:00,8.8044691,51.93858337,6,TRAFFIC_EVENTS_CATEGORY/HAZARD/TRIGGERED_MANUALLY/ACCIDENT
2022-07-05 10:45:00,8.0,51.0,6,TRAFFIC_EVENTS_CATEGORY/HAZARD/TRIGGERED_MANUALLY/ACCIDENT
2022-07-05 10:40:00,10.0,49.0,6,TRAFFIC_EVENTS_CATEGORY/HAZARD/TRIGGERED_MANUALLY/ACCIDENT
2022-07-05 10:55:00,6.98826217,51.09129714,6,TRAFFIC_EVENTS_CATEGORY/HAZARD/TRIGGERED_MANUALLY/ACCIDENT
2022-07-05 10:55:00,6.98826217,51.09129714,6,TRAFFIC_EVENTS_CATEGORY/HAZARD/TRIGGERED_MANUALLY/ACCIDENT
2022-07-05 10:55:00,6.98826217,51.09129714,6,TRAFFIC_EVENTS_CATEGORY/HAZARD/TRIGGERED_MANUALLY/ACCIDENT
2022-07-05 10:55:00,6.98824977,51.09127807,6,TRAFFIC_EVENTS_CATEGORY/HAZARD/TRIGGERED_MANUALLY/ACCIDENT
2022-07-05 10:55:00,6.98826217,51.09129714,6,TRAFFIC_EVENTS_CATEGORY/HAZARD/TRIGGERED_MANUALLY/ACCIDENT
2022-07-05 10:55:00,6.98826217,51.09129714,6,TRAFFIC_EVENTS_CATEGORY/HAZARD/TRIGGERED_MANUALLY/ACCIDENT
2022-07-05 10:55:00,6.98826217,51.09129714,6,TRAFFIC_EVENTS_CATEGORY/HAZARD/TRIGGERED_MANUALLY/ACCIDENT
2022-07-05 10:55:00,6.98826217,51.09129714,6,TRAFFIC_EVENTS_CATEGORY/HAZARD/TRIGGERED_MANUALLY/ACCIDENT
2022-07-05 10:55:00,6.98826217,51.09129714,6,TRAFFIC_EVENTS_CATEGORY/HAZARD/TRIGGERED_MANUALLY/ACCIDENT
2022-07-05 10:55:00,6.98826217,51.09129714,6,TRAFFIC_EVENTS_CATEGORY/HAZARD/TRIGGERED_MANUALLY/ACCIDENT
2022-07-05 10:55:00,6.0,51.0,6,TRAFFIC_EVENTS_CATEGORY/HAZARD/TRIGGERED_MANUALLY/ACCIDENT
2022-07-05 11:15:00,13.25103378,52.47023391,6,TRAFFIC_EVENTS_CATEGORY/HAZARD/TRIGGERED_MANUALLY/ACCIDENT
2022-07-05 11:15:00,13.25191688,52.47091674,6,TRAFFIC_EVENTS_CATEGORY/HAZARD/TRIGGERED_MANUALLY/ACCIDENT
2022-07-05 11:15:00,13.2534008,52.47206878,6,TRAFFIC_EVENTS_CATEGORY/HAZARD/TRIGGERED_MANUALLY/ACCIDENT
2022-07-05 11:15:00,13.0,52.0,6,TRAFFIC_EVENTS_CATEGORY/HAZARD/TRIGGERED_MANUALLY/ACCIDENT
2022-07-05 11:15:00,13.2534008,52.47206878,6,TRAFFIC_EVENTS_CATEGORY/HAZARD/TRIGGERED_MANUALLY/ACCIDENT
2002-11-19 11:15:00,12.23044109,53.2217369,5,TRAFFIC_EVENTS_CATEGORY/HAZARD/TRIGGERED_AUTOMATED_RARE/ACCIDENT
2002-11-19 11:15:00,12.22844409,53.22277832,5,TRAFFIC_EVENTS_CATEGORY/HAZARD/TRIGGERED_AUTOMATED_RARE/ACCIDENT
2002-11-19 11:15:00,12.22846317,53.22278976,5,TRAFFIC_EVENTS_CATEGORY/HAZARD/TRIGGERED_AUTOMATED_RARE/ACCIDENT
2002-11-19 11:15:00,12.22511577,53.22460174,5,TRAFFIC_EVENTS_CATEGORY/HAZARD/TRIGGERED_AUTOMATED_RARE/ACCIDENT
2002-11-19 11:15:00,12.22511577,53.22460174,5,TRAFFIC_EVENTS_CATEGORY/HAZARD/TRIGGERED_AUTOMATED_RARE/ACCIDENT
2002-11-19 11:15:00,12.22511577,53.22460174,5,TRAFFIC_EVENTS_CATEGORY/HAZARD/TRIGGERED_AUTOMATED_RARE/ACCIDENT
2022-07-05 11:20:00,9.10086631,52.24419021,7,TRAFFIC_EVENTS_CATEGORY/DANGEROUS_SLOW_DOWN/READING_FUSION/ACCIDENT
2022-07-05 11:25:00,7.39611721,49.7325859,6,TRAFFIC_EVENTS_CATEGORY/HAZARD/TRIGGERED_MANUALLY/ACCIDENT
2022-07-05 11:25:00,7.39611101,49.73258209,6,TRAFFIC_EVENTS_CATEGORY/HAZARD/TRIGGERED_MANUALLY/ACCIDENT
2022-07-05 11:25:00,7.39611721,49.7325859,6,TRAFFIC_EVENTS_CATEGORY/HAZARD/TRIGGERED_MANUALLY/ACCIDENT
2022-07-05 11:15:00,12.0,53.0,5,TRAFFIC_EVENTS_CATEGORY/HAZARD/TRIGGERED_AUTOMATED_RARE/ACCIDENT
2002-11-19 11:15:00,12.22511577,53.22460174,5,TRAFFIC_EVENTS_CATEGORY/HAZARD/TRIGGERED_AUTOMATED_RARE/ACCIDENT
2022-07-05 11:25:00,7.39611721,49.7325859,6,TRAFFIC_EVENTS_CATEGORY/HAZARD/TRIGGERED_MANUALLY/ACCIDENT
2022-07-05 11:25:00,7.39661121,49.73275375,6,TRAFFIC_EVENTS_CATEGORY/HAZARD/TRIGGERED_MANUALLY/ACCIDENT
2022-07-05 11:40:00,10.88475036,48.4156723,6,TRAFFIC_EVENTS_CATEGORY/HAZARD/TRIGGERED_MANUALLY/ACCIDENT
2022-07-05 11:40:00,10.88475036,48.4156723,6,TRAFFIC_EVENTS_CATEGORY/HAZARD/TRIGGERED_MANUALLY/ACCIDENT
2022-07-05 11:40:00,10.88475036,48.4156723,6,TRAFFIC_EVENTS_CATEGORY/HAZARD/TRIGGERED_MANUALLY/ACCIDENT
2022-07-05 11:40:00,10.88475036,48.4156723,6,TRAFFIC_EVENTS_CATEGORY/HAZARD/TRIGGERED_MANUALLY/ACCIDENT
2022-07-05 11:40:00,10.0,48.0,6,TRAFFIC_EVENTS_CATEGORY/HAZARD/TRIGGERED_MANUALLY/ACCIDENT
2022-07-05 11:40:00,6.32738733,50.50195693,7,TRAFFIC_EVENTS_CATEGORY/DANGEROUS_SLOW_DOWN/READING_FUSION/ACCIDENT
2022-07-05 11:40:00,10.62974643,53.60531997,5,TRAFFIC_EVENTS_CATEGORY/HAZARD/TRIGGERED_AUTOMATED_RARE/ACCIDENT
2022-07-05 11:40:00,10.62974643,53.60531997,5,TRAFFIC_EVENTS_CATEGORY/HAZARD/TRIGGERED_AUTOMATED_RARE/ACCIDENT
2022-07-05 11:40:00,10.62974643,53.60531997,5,TRAFFIC_EVENTS_CATEGORY/HAZARD/TRIGGERED_AUTOMATED_RARE/ACCIDENT
2022-07-05 12:10:00,8.784729,50.09857559,5,TRAFFIC_EVENTS_CATEGORY/HAZARD/TRIGGERED_AUTOMATED_RARE/ACCIDENT
2022-07-05 12:15:00,10.88475036,48.4156723,6,TRAFFIC_EVENTS_CATEGORY/HAZARD/TRIGGERED_MANUALLY/ACCIDENT
2022-07-05 12:15:00,10.88475036,48.4156723,6,TRAFFIC_EVENTS_CATEGORY/HAZARD/TRIGGERED_MANUALLY/ACCIDENT
2022-07-05 12:15:00,10.88475036,48.4156723,6,TRAFFIC_EVENTS_CATEGORY/HAZARD/TRIGGERED_MANUALLY/ACCIDENT
2022-07-05 12:15:00,10.88475036,48.4156723,6,TRAFFIC_EVENTS_CATEGORY/HAZARD/TRIGGERED_MANUALLY/ACCIDENT
2022-07-05 12:15:00,10.88475036,48.4156723,6,TRAFFIC_EVENTS_CATEGORY/HAZARD/TRIGGERED_MANUALLY/ACCIDENT
2022-07-05 12:15:00,10.0,48.0,6,TRAFFIC_EVENTS_CATEGORY/HAZARD/TRIGGERED_MANUALLY/ACCIDENT
2022-07-05 12:30:00,12.19032096,50.89112472,7,TRAFFIC_EVENTS_CATEGORY/DANGEROUS_SLOW_DOWN/READING_FUSION/ACCIDENT
2022-07-05 12:30:00,9.64617538,52.39728927,5,TRAFFIC_EVENTS_CATEGORY/HAZARD/TRIGGERED_AUTOMATED_RARE/ACCIDENT
2022-07-05 12:30:00,9.6457262,52.39736557,5,TRAFFIC_EVENTS_CATEGORY/HAZARD/TRIGGERED_AUTOMATED_RARE/ACCIDENT
2022-07-05 12:40:00,12.36561584,49.10058212,6,TRAFFIC_EVENTS_CATEGORY/HAZARD/TRIGGERED_MANUALLY/ACCIDENT
2022-07-05 12:40:00,12.36561584,49.10058212,6,TRAFFIC_EVENTS_CATEGORY/HAZARD/TRIGGERED_MANUALLY/ACCIDENT
2022-07-05 12:40:00,12.36561107,49.10055541,6,TRAFFIC_EVENTS_CATEGORY/HAZARD/TRIGGERED_MANUALLY/ACCIDENT
2022-07-05 12:30:00,9.0,52.0,5,TRAFFIC_EVENTS_CATEGORY/HAZARD/TRIGGERED_AUTOMATED_RARE/ACCIDENT
2022-07-05 12:30:00,9.6457262,52.39736557,5,TRAFFIC_EVENTS_CATEGORY/HAZARD/TRIGGERED_AUTOMATED_RARE/ACCIDENT
2022-07-05 12:50:00,11.74208641,48.07964324,6,TRAFFIC_EVENTS_CATEGORY/HAZARD/TRIGGERED_MANUALLY/ACCIDENT
2022-07-05 12:50:00,11.74208641,48.07964324,6,TRAFFIC_EVENTS_CATEGORY/HAZARD/TRIGGERED_MANUALLY/ACCIDENT
2022-07-05 12:50:00,11.74208641,48.07964324,6,TRAFFIC_EVENTS_CATEGORY/HAZARD/TRIGGERED_MANUALLY/ACCIDENT
2022-07-05 12:50:00,11.74208641,48.07964324,6,TRAFFIC_EVENTS_CATEGORY/HAZARD/TRIGGERED_MANUALLY/ACCIDENT
2022-07-05 12:50:00,11.0,48.0,6,TRAFFIC_EVENTS_CATEGORY/HAZARD/TRIGGERED_MANUALLY/ACCIDENT
2022-07-05 12:50:00,11.74208641,48.07964324,6,TRAFFIC_EVENTS_CATEGORY/HAZARD/TRIGGERED_MANUALLY/ACCIDENT
2022-07-05 12:40:00,12.36561107,49.10055541,6,TRAFFIC_EVENTS_CATEGORY/HAZARD/TRIGGERED_MANUALLY/ACCIDENT
2022-07-05 12:40:00,12.0,49.0,6,TRAFFIC_EVENTS_CATEGORY/HAZARD/TRIGGERED_MANUALLY/ACCIDENT
2022-07-05 12:55:00,9.52072906,51.97816467,6,TRAFFIC_EVENTS_CATEGORY/HAZARD/TRIGGERED_MANUALLY/ACCIDENT
2022-07-05 12:55:00,9.52072238,51.97813796,6,TRAFFIC_EVENTS_CATEGORY/HAZARD/TRIGGERED_MANUALLY/ACCIDENT
2022-07-05 12:55:00,9.52072906,51.97816467,6,TRAFFIC_EVENTS_CATEGORY/HAZARD/TRIGGERED_MANUALLY/ACCIDENT
2022-07-05 12:55:00,9.0,51.0,6,TRAFFIC_EVENTS_CATEGORY/HAZARD/TRIGGERED_MANUALLY/ACCIDENT
2022-07-05 12:55:00,9.52072906,51.97816467,6,TRAFFIC_EVENTS_CATEGORY/HAZARD/TRIGGERED_MANUALLY/ACCIDENT
2022-07-05 13:00:00,10.38294792,53.77352142,6,TRAFFIC_EVENTS_CATEGORY/HAZARD/TRIGGERED_MANUALLY/ACCIDENT
2022-07-05 13:00:00,10.38294792,53.77352142,6,TRAFFIC_EVENTS_CATEGORY/HAZARD/TRIGGERED_MANUALLY/ACCIDENT
2022-07-05 13:00:00,10.0,53.0,6,TRAFFIC_EVENTS_CATEGORY/HAZARD/TRIGGERED_MANUALLY/ACCIDENT
2022-07-05 13:00:00,10.38294792,53.77352142,6,TRAFFIC_EVENTS_CATEGORY/HAZARD/TRIGGERED_MANUALLY/ACCIDENT
2022-07-05 10:45:00,2.09973406,41.52618026,6,TRAFFIC_EVENTS_CATEGORY/HAZARD/TRIGGERED_MANUALLY/ACCIDENT
2022-07-05 10:45:00,2.0997219,41.52616882,6,TRAFFIC_EVENTS_CATEGORY/HAZARD/TRIGGERED_MANUALLY/ACCIDENT
2022-07-05 10:45:00,2.09973406,41.52618026,6,TRAFFIC_EVENTS_CATEGORY/HAZARD/TRIGGERED_MANUALLY/ACCIDENT
2022-07-05 10:45:00,2.09973406,41.52618026,6,TRAFFIC_EVENTS_CATEGORY/HAZARD/TRIGGERED_MANUALLY/ACCIDENT
2022-07-05 11:25:00,1.97220194,42.23268508,5,TRAFFIC_EVENTS_CATEGORY/HAZARD/TRIGGERED_AUTOMATED_RARE/ACCIDENT
2022-07-05 11:25:00,1.97219395,42.23269271,5,TRAFFIC_EVENTS_CATEGORY/HAZARD/TRIGGERED_AUTOMATED_RARE/ACCIDENT
2022-07-05 11:25:00,1.0,42.0,5,TRAFFIC_EVENTS_CATEGORY/HAZARD/TRIGGERED_AUTOMATED_RARE/ACCIDENT
2022-07-05 11:25:00,1.97219395,42.23269271,5,TRAFFIC_EVENTS_CATEGORY/HAZARD/TRIGGERED_AUTOMATED_RARE/ACCIDENT
2022-07-05 11:40:00,-2.89168119,40.34592819,6,TRAFFIC_EVENTS_CATEGORY/HAZARD/TRIGGERED_MANUALLY/ACCIDENT
2022-07-05 11:40:00,-2.89168119,40.34592819,6,TRAFFIC_EVENTS_CATEGORY/HAZARD/TRIGGERED_MANUALLY/ACCIDENT
2022-07-05 11:40:00,-2.89168119,40.34592819,6,TRAFFIC_EVENTS_CATEGORY/HAZARD/TRIGGERED_MANUALLY/ACCIDENT
2022-07-05 11:40:00,-2.89168119,40.34592819,6,TRAFFIC_EVENTS_CATEGORY/HAZARD/TRIGGERED_MANUALLY/ACCIDENT
2022-07-05 11:40:00,-2.89168119,40.34592819,6,TRAFFIC_EVENTS_CATEGORY/HAZARD/TRIGGERED_MANUALLY/ACCIDENT
2022-07-05 11:40:00,-2.0,40.0,6,TRAFFIC_EVENTS_CATEGORY/HAZARD/TRIGGERED_MANUALLY/ACCIDENT
2022-07-05 11:50:00,2.42094898,41.64585113,6,TRAFFIC_EVENTS_CATEGORY/HAZARD/TRIGGERED_MANUALLY/ACCIDENT
2022-07-05 11:50:00,2.42074227,41.64574432,6,TRAFFIC_EVENTS_CATEGORY/HAZARD/TRIGGERED_MANUALLY/ACCIDENT
2022-07-05 11:50:00,2.4201076,41.64540481,6,TRAFFIC_EVENTS_CATEGORY/HAZARD/TRIGGERED_MANUALLY/ACCIDENT
2022-07-05 11:50:00,2.41946196,41.64502334,6,TRAFFIC_EVENTS_CATEGORY/HAZARD/TRIGGERED_MANUALLY/ACCIDENT
2022-07-05 11:50:00,2.4201076,41.64540481,6,TRAFFIC_EVENTS_CATEGORY/HAZARD/TRIGGERED_MANUALLY/ACCIDENT
2022-07-05 11:50:00,2.41946196,41.64502334,6,TRAFFIC_EVENTS_CATEGORY/HAZARD/TRIGGERED_MANUALLY/ACCIDENT
2022-07-05 11:50:00,2.41946196,41.64502334,6,TRAFFIC_EVENTS_CATEGORY/HAZARD/TRIGGERED_MANUALLY/ACCIDENT
2022-07-05 12:00:00,-3.67368006,40.46033477,6,TRAFFIC_EVENTS_CATEGORY/HAZARD/TRIGGERED_MANUALLY/ACCIDENT
2022-07-05 12:00:00,-3.675704,40.46038436,6,TRAFFIC_EVENTS_CATEGORY/HAZARD/TRIGGERED_MANUALLY/ACCIDENT
2022-07-05 12:00:00,-3.675704,40.46038436,6,TRAFFIC_EVENTS_CATEGORY/HAZARD/TRIGGERED_MANUALLY/ACCIDENT
2022-07-05 12:00:00,-3.675704,40.46038436,6,TRAFFIC_EVENTS_CATEGORY/HAZARD/TRIGGERED_MANUALLY/ACCIDENT
2022-07-05 12:00:00,-3.0,40.0,6,TRAFFIC_EVENTS_CATEGORY/HAZARD/TRIGGERED_MANUALLY/ACCIDENT
2022-07-05 12:20:00,-3.61339592,40.36415481,6,TRAFFIC_EVENTS_CATEGORY/HAZARD/TRIGGERED_MANUALLY/ACCIDENT
2022-07-05 12:20:00,-3.61295509,40.36468505,6,TRAFFIC_EVENTS_CATEGORY/HAZARD/TRIGGERED_MANUALLY/ACCIDENT
2022-07-05 12:20:00,-3.61294388,40.36466598,6,TRAFFIC_EVENTS_CATEGORY/HAZARD/TRIGGERED_MANUALLY/ACCIDENT
2022-07-05 12:20:00,-3.0,40.0,6,TRAFFIC_EVENTS_CATEGORY/HAZARD/TRIGGERED_MANUALLY/ACCIDENT
2022-07-05 12:20:00,-3.61283802,40.3648262,6,TRAFFIC_EVENTS_CATEGORY/HAZARD/TRIGGERED_MANUALLY/ACCIDENT
2022-07-05 12:20:00,-0.43714401,39.19322586,6,TRAFFIC_EVENTS_CATEGORY/HAZARD/TRIGGERED_MANUALLY/ACCIDENT
2022-07-05 12:20:00,-0.437352,39.19376373,6,TRAFFIC_EVENTS_CATEGORY/HAZARD/TRIGGERED_MANUALLY/ACCIDENT
2022-07-05 12:20:00,-0.43733298,39.19374847,6,TRAFFIC_EVENTS_CATEGORY/HAZARD/TRIGGERED_MANUALLY/ACCIDENT
2022-07-05 12:20:00,-0.43733298,39.19374847,6,TRAFFIC_EVENTS_CATEGORY/HAZARD/TRIGGERED_MANUALLY/ACCIDENT
2022-07-05 12:30:00,-3.49575996,40.31398391,6,TRAFFIC_EVENTS_CATEGORY/HAZARD/TRIGGERED_MANUALLY/ACCIDENT
2022-07-05 12:30:00,-3.49574995,40.31397247,6,TRAFFIC_EVENTS_CATEGORY/HAZARD/TRIGGERED_MANUALLY/ACCIDENT
2022-07-05 12:30:00,-3.49575996,40.31398391,6,TRAFFIC_EVENTS_CATEGORY/HAZARD/TRIGGERED_MANUALLY/ACCIDENT
2022-07-05 12:30:00,-3.49575996,40.31398391,6,TRAFFIC_EVENTS_CATEGORY/HAZARD/TRIGGERED_MANUALLY/ACCIDENT
2022-07-05 12:30:00,-3.49574995,40.31397247,6,TRAFFIC_EVENTS_CATEGORY/HAZARD/TRIGGERED_MANUALLY/ACCIDENT
2022-07-05 12:30:00,-3.49575996,40.31398391,6,TRAFFIC_EVENTS_CATEGORY/HAZARD/TRIGGERED_MANUALLY/ACCIDENT
2022-07-05 12:30:00,-3.0,40.0,6,TRAFFIC_EVENTS_CATEGORY/HAZARD/TRIGGERED_MANUALLY/ACCIDENT
2022-07-05 12:45:00,-5.56482887,42.56214523,5,TRAFFIC_EVENTS_CATEGORY/HAZARD/TRIGGERED_AUTOMATED_RARE/ACCIDENT
2022-07-05 12:45:00,-5.56492614,42.56173706,5,TRAFFIC_EVENTS_CATEGORY/HAZARD/TRIGGERED_AUTOMATED_RARE/ACCIDENT
2022-07-05 12:45:00,-5.56491708,42.5617218,5,TRAFFIC_EVENTS_CATEGORY/HAZARD/TRIGGERED_AUTOMATED_RARE/ACCIDENT
2022-07-05 12:45:00,-5.56496286,42.56162261,5,TRAFFIC_EVENTS_CATEGORY/HAZARD/TRIGGERED_AUTOMATED_RARE/ACCIDENT
2022-07-05 12:45:00,-5.56496286,42.56162261,5,TRAFFIC_EVENTS_CATEGORY/HAZARD/TRIGGERED_AUTOMATED_RARE/ACCIDENT
2022-07-05 12:45:00,-5.56496286,42.56162261,5,TRAFFIC_EVENTS_CATEGORY/HAZARD/TRIGGERED_AUTOMATED_RARE/ACCIDENT
2022-07-05 12:50:00,-3.70938897,38.16586303,6,TRAFFIC_EVENTS_CATEGORY/HAZARD/TRIGGERED_MANUALLY/ACCIDENT
2022-07-05 12:50:00,-3.70938897,38.16586303,6,TRAFFIC_EVENTS_CATEGORY/HAZARD/TRIGGERED_MANUALLY/ACCIDENT
2022-07-05 12:50:00,-3.70938897,38.16585922,6,TRAFFIC_EVENTS_CATEGORY/HAZARD/TRIGGERED_MANUALLY/ACCIDENT
2022-07-05 12:50:00,-3.70938897,38.16585922,6,TRAFFIC_EVENTS_CATEGORY/HAZARD/TRIGGERED_MANUALLY/ACCIDENT
2022-07-05 12:50:00,-3.0,38.0,6,TRAFFIC_EVENTS_CATEGORY/HAZARD/TRIGGERED_MANUALLY/ACCIDENT
2022-07-05 12:50:00,-3.0,38.0,6,TRAFFIC_EVENTS_CATEGORY/HAZARD/TRIGGERED_MANUALLY/ACCIDENT
2022-07-05 12:45:00,-5.56496381,42.56162261,5,TRAFFIC_EVENTS_CATEGORY/HAZARD/TRIGGERED_AUTOMATED_RARE/ACCIDENT
2022-07-05 12:45:00,-5.56494379,42.56161117,5,TRAFFIC_EVENTS_CATEGORY/HAZARD/TRIGGERED_AUTOMATED_RARE/ACCIDENT
2022-07-05 12:45:00,-5.56494379,42.56161117,5,TRAFFIC_EVENTS_CATEGORY/HAZARD/TRIGGERED_AUTOMATED_RARE/ACCIDENT
2022-07-05 12:45:00,-5.0,42.0,5,TRAFFIC_EVENTS_CATEGORY/HAZARD/TRIGGERED_AUTOMATED_RARE/ACCIDENT
2022-07-05 10:20:00,-1.89170205,47.11514663,6,TRAFFIC_EVENTS_CATEGORY/HAZARD/TRIGGERED_MANUALLY/ACCIDENT
2022-07-05 10:20:00,-1.89170205,47.11514663,6,TRAFFIC_EVENTS_CATEGORY/HAZARD/TRIGGERED_MANUALLY/ACCIDENT
2022-07-05 10:20:00,-1.89169394,47.115139,6,TRAFFIC_EVENTS_CATEGORY/HAZARD/TRIGGERED_MANUALLY/ACCIDENT
2022-07-05 10:20:00,-1.89169394,47.115139,6,TRAFFIC_EVENTS_CATEGORY/HAZARD/TRIGGERED_MANUALLY/ACCIDENT
2022-07-05 10:20:00,-1.0,47.0,6,TRAFFIC_EVENTS_CATEGORY/HAZARD/TRIGGERED_MANUALLY/ACCIDENT
2022-07-05 10:45:00,7.89571905,48.93072891,6,TRAFFIC_EVENTS_CATEGORY/HAZARD/TRIGGERED_MANUALLY/ACCIDENT
2022-07-05 10:45:00,7.89571905,48.93072891,6,TRAFFIC_EVENTS_CATEGORY/HAZARD/TRIGGERED_MANUALLY/ACCIDENT
2022-07-05 10:45:00,7.89569377,48.93072128,6,TRAFFIC_EVENTS_CATEGORY/HAZARD/TRIGGERED_MANUALLY/ACCIDENT
2022-07-05 10:45:00,7.0,48.0,6,TRAFFIC_EVENTS_CATEGORY/HAZARD/TRIGGERED_MANUALLY/ACCIDENT
2022-07-05 10:45:00,7.89571905,48.93072891,6,TRAFFIC_EVENTS_CATEGORY/HAZARD/TRIGGERED_MANUALLY/ACCIDENT
2022-07-05 10:45:00,7.89571905,48.93072891,6,TRAFFIC_EVENTS_CATEGORY/HAZARD/TRIGGERED_MANUALLY/ACCIDENT
2022-07-05 10:50:00,5.62447404,43.20254135,6,TRAFFIC_EVENTS_CATEGORY/HAZARD/TRIGGERED_MANUALLY/ACCIDENT
2022-07-05 10:50:00,5.62447404,43.20254135,6,TRAFFIC_EVENTS_CATEGORY/HAZARD/TRIGGERED_MANUALLY/ACCIDENT
2022-07-05 10:50:00,5.62447214,43.2025299,6,TRAFFIC_EVENTS_CATEGORY/HAZARD/TRIGGERED_MANUALLY/ACCIDENT
2022-07-05 10:50:00,5.62447214,43.2025299,6,TRAFFIC_EVENTS_CATEGORY/HAZARD/TRIGGERED_MANUALLY/ACCIDENT
2022-07-05 10:55:00,2.25978207,48.81698226,6,TRAFFIC_EVENTS_CATEGORY/HAZARD/TRIGGERED_MANUALLY/ACCIDENT
2022-07-05 10:55:00,2.25977802,48.81697082,6,TRAFFIC_EVENTS_CATEGORY/HAZARD/TRIGGERED_MANUALLY/ACCIDENT
2022-07-05 10:55:00,2.25978207,48.81698226,6,TRAFFIC_EVENTS_CATEGORY/HAZARD/TRIGGERED_MANUALLY/ACCIDENT
2022-07-05 10:55:00,2.25978207,48.81698226,6,TRAFFIC_EVENTS_CATEGORY/HAZARD/TRIGGERED_MANUALLY/ACCIDENT
2022-07-05 10:55:00,2.0,48.0,6,TRAFFIC_EVENTS_CATEGORY/HAZARD/TRIGGERED_MANUALLY/ACCIDENT
2022-07-05 11:25:00,7.0,49.0,6,TRAFFIC_EVENTS_CATEGORY/HAZARD/TRIGGERED_MANUALLY/ACCIDENT
2022-07-05 11:25:00,3.08844304,50.63384628,6,TRAFFIC_EVENTS_CATEGORY/HAZARD/TRIGGERED_MANUALLY/ACCIDENT
2022-07-05 11:25:00,3.08841705,50.63383483,6,TRAFFIC_EVENTS_CATEGORY/HAZARD/TRIGGERED_MANUALLY/ACCIDENT
2022-07-05 11:25:00,3.08844304,50.63384628,6,TRAFFIC_EVENTS_CATEGORY/HAZARD/TRIGGERED_MANUALLY/ACCIDENT
2022-07-05 11:25:00,3.08844304,50.63384628,6,TRAFFIC_EVENTS_CATEGORY/HAZARD/TRIGGERED_MANUALLY/ACCIDENT
2022-07-05 11:25:00,3.0,50.0,6,TRAFFIC_EVENTS_CATEGORY/HAZARD/TRIGGERED_MANUALLY/ACCIDENT
2022-07-05 11:30:00,4.84111976,44.79306411,6,TRAFFIC_EVENTS_CATEGORY/HAZARD/TRIGGERED_MANUALLY/ACCIDENT
2022-07-05 11:30:00,4.84111976,44.79306411,6,TRAFFIC_EVENTS_CATEGORY/HAZARD/TRIGGERED_MANUALLY/ACCIDENT
2022-07-05 11:30:00,4.84111118,44.79305648,6,TRAFFIC_EVENTS_CATEGORY/HAZARD/TRIGGERED_MANUALLY/ACCIDENT
2022-07-05 11:30:00,2.09517049,49.42642593,7,TRAFFIC_EVENTS_CATEGORY/DANGEROUS_SLOW_DOWN/READING_FUSION/ACCIDENT
2022-07-05 11:30:00,4.84111118,44.79305648,6,TRAFFIC_EVENTS_CATEGORY/HAZARD/TRIGGERED_MANUALLY/ACCIDENT
2022-07-05 11:30:00,4.0,44.0,6,TRAFFIC_EVENTS_CATEGORY/HAZARD/TRIGGERED_MANUALLY/ACCIDENT
2022-07-05 11:30:00,4.8179059,46.93986129,6,TRAFFIC_EVENTS_CATEGORY/HAZARD/TRIGGERED_MANUALLY/ACCIDENT
2022-07-05 11:30:00,4.8179059,46.93986129,6,TRAFFIC_EVENTS_CATEGORY/HAZARD/TRIGGERED_MANUALLY/ACCIDENT
2022-07-05 11:30:00,4.81788921,46.93986129,6,TRAFFIC_EVENTS_CATEGORY/HAZARD/TRIGGERED_MANUALLY/ACCIDENT
2022-07-05 11:30:00,4.81788921,46.93986129,6,TRAFFIC_EVENTS_CATEGORY/HAZARD/TRIGGERED_MANUALLY/ACCIDENT
2022-07-05 11:30:00,4.0,46.0,6,TRAFFIC_EVENTS_CATEGORY/HAZARD/TRIGGERED_MANUALLY/ACCIDENT
2022-07-05 11:30:00,4.0,46.0,6,TRAFFIC_EVENTS_CATEGORY/HAZARD/TRIGGERED_MANUALLY/ACCIDENT
2022-07-05 12:00:00,5.7726078,49.52182006,6,TRAFFIC_EVENTS_CATEGORY/HAZARD/TRIGGERED_MANUALLY/ACCIDENT
2022-07-05 12:00:00,5.772583,49.5218048,6,TRAFFIC_EVENTS_CATEGORY/HAZARD/TRIGGERED_MANUALLY/ACCIDENT
2022-07-05 12:00:00,5.7726078,49.52182006,6,TRAFFIC_EVENTS_CATEGORY/HAZARD/TRIGGERED_MANUALLY/ACCIDENT
2022-07-05 12:05:00,5.34913778,43.84352493,6,TRAFFIC_EVENTS_CATEGORY/HAZARD/TRIGGERED_MANUALLY/ACCIDENT
2022-07-05 12:05:00,5.34911108,43.84349822,6,TRAFFIC_EVENTS_CATEGORY/HAZARD/TRIGGERED_MANUALLY/ACCIDENT
2022-07-05 12:05:00,5.34913778,43.84352493,6,TRAFFIC_EVENTS_CATEGORY/HAZARD/TRIGGERED_MANUALLY/ACCIDENT
2022-07-05 12:05:00,5.34913778,43.84352493,6,TRAFFIC_EVENTS_CATEGORY/HAZARD/TRIGGERED_MANUALLY/ACCIDENT
2022-07-05 12:10:00,5.34913778,43.84352493,6,TRAFFIC_EVENTS_CATEGORY/HAZARD/TRIGGERED_MANUALLY/ACCIDENT
2022-07-05 12:10:00,5.34911108,43.84349822,6,TRAFFIC_EVENTS_CATEGORY/HAZARD/TRIGGERED_MANUALLY/ACCIDENT
2022-07-05 12:10:00,5.34913778,43.84352493,6,TRAFFIC_EVENTS_CATEGORY/HAZARD/TRIGGERED_MANUALLY/ACCIDENT
2022-07-05 12:10:00,5.34913778,43.84352493,6,TRAFFIC_EVENTS_CATEGORY/HAZARD/TRIGGERED_MANUALLY/ACCIDENT
2022-07-05 12:15:00,-1.44048404,43.50172424,6,TRAFFIC_EVENTS_CATEGORY/HAZARD/TRIGGERED_MANUALLY/ACCIDENT
2022-07-05 12:15:00,-1.44448494,43.49777984,6,TRAFFIC_EVENTS_CATEGORY/HAZARD/TRIGGERED_MANUALLY/ACCIDENT
2022-07-05 12:15:00,-1.44108295,43.50055694,6,TRAFFIC_EVENTS_CATEGORY/HAZARD/TRIGGERED_MANUALLY/ACCIDENT
2022-07-05 12:15:00,-1.44448494,43.49777984,6,TRAFFIC_EVENTS_CATEGORY/HAZARD/TRIGGERED_MANUALLY/ACCIDENT
2022-07-05 12:15:00,-1.0,43.0,6,TRAFFIC_EVENTS_CATEGORY/HAZARD/TRIGGERED_MANUALLY/ACCIDENT
2022-07-05 12:15:00,-1.0,43.0,6,TRAFFIC_EVENTS_CATEGORY/HAZARD/TRIGGERED_MANUALLY/ACCIDENT
2022-07-05 12:00:00,5.0,49.0,6,TRAFFIC_EVENTS_CATEGORY/HAZARD/TRIGGERED_MANUALLY/ACCIDENT
2022-07-05 12:00:00,5.7726078,49.52182006,6,TRAFFIC_EVENTS_CATEGORY/HAZARD/TRIGGERED_MANUALLY/ACCIDENT
2022-07-05 12:20:00,5.7726078,49.52182006,6,TRAFFIC_EVENTS_CATEGORY/HAZARD/TRIGGERED_MANUALLY/ACCIDENT
2022-07-05 12:00:00,5.7726078,49.52182006,6,TRAFFIC_EVENTS_CATEGORY/HAZARD/TRIGGERED_MANUALLY/ACCIDENT
2022-07-05 12:30:00,-0.89369601,43.32060241,5,TRAFFIC_EVENTS_CATEGORY/HAZARD/TRIGGERED_AUTOMATED_RARE/ACCIDENT
2022-07-05 12:30:00,-0.89369601,43.32060241,5,TRAFFIC_EVENTS_CATEGORY/HAZARD/TRIGGERED_AUTOMATED_RARE/ACCIDENT
2022-07-05 12:30:00,-0.89369601,43.32060241,5,TRAFFIC_EVENTS_CATEGORY/HAZARD/TRIGGERED_AUTOMATED_RARE/ACCIDENT
2022-07-05 12:30:00,-0.89369601,43.32060241,5,TRAFFIC_EVENTS_CATEGORY/HAZARD/TRIGGERED_AUTOMATED_RARE/ACCIDENT
2022-07-05 12:30:00,-0.89369601,43.32060241,5,TRAFFIC_EVENTS_CATEGORY/HAZARD/TRIGGERED_AUTOMATED_RARE/ACCIDENT
2022-07-05 12:30:00,5.00595617,43.57767868,5,TRAFFIC_EVENTS_CATEGORY/HAZARD/TRIGGERED_AUTOMATED_RARE/ACCIDENT
2022-07-05 12:30:00,5.00595808,43.57768249,5,TRAFFIC_EVENTS_CATEGORY/HAZARD/TRIGGERED_AUTOMATED_RARE/ACCIDENT
2022-07-05 12:30:00,5.00595808,43.57768249,5,TRAFFIC_EVENTS_CATEGORY/HAZARD/TRIGGERED_AUTOMATED_RARE/ACCIDENT
2022-07-05 12:30:00,5.00595808,43.57768249,5,TRAFFIC_EVENTS_CATEGORY/HAZARD/TRIGGERED_AUTOMATED_RARE/ACCIDENT
2022-07-05 12:30:00,5.00595808,43.57768249,5,TRAFFIC_EVENTS_CATEGORY/HAZARD/TRIGGERED_AUTOMATED_RARE/ACCIDENT
2022-07-05 12:35:00,1.47549295,45.14460372,6,TRAFFIC_EVENTS_CATEGORY/HAZARD/TRIGGERED_MANUALLY/ACCIDENT
2022-07-05 12:35:00,1.47502803,45.14433288,6,TRAFFIC_EVENTS_CATEGORY/HAZARD/TRIGGERED_MANUALLY/ACCIDENT
2022-07-05 12:35:00,1.47248601,45.14376449,6,TRAFFIC_EVENTS_CATEGORY/HAZARD/TRIGGERED_MANUALLY/ACCIDENT
2022-07-05 12:35:00,1.47248601,45.14376449,6,TRAFFIC_EVENTS_CATEGORY/HAZARD/TRIGGERED_MANUALLY/ACCIDENT
2022-07-05 12:35:00,1.0,45.0,6,TRAFFIC_EVENTS_CATEGORY/HAZARD/TRIGGERED_MANUALLY/ACCIDENT
2022-07-05 12:55:00,1.42794895,43.60338973,5,TRAFFIC_EVENTS_CATEGORY/HAZARD/TRIGGERED_AUTOMATED_RARE/ACCIDENT
2022-07-05 12:55:00,1.42794394,43.60338973,5,TRAFFIC_EVENTS_CATEGORY/HAZARD/TRIGGERED_AUTOMATED_RARE/ACCIDENT
2022-07-05 12:55:00,1.42801499,43.603199,5,TRAFFIC_EVENTS_CATEGORY/HAZARD/TRIGGERED_AUTOMATED_RARE/ACCIDENT
2022-07-05 12:55:00,1.42801499,43.603199,5,TRAFFIC_EVENTS_CATEGORY/HAZARD/TRIGGERED_AUTOMATED_RARE/ACCIDENT
2022-07-05 12:55:00,1.0,43.0,5,TRAFFIC_EVENTS_CATEGORY/HAZARD/TRIGGERED_AUTOMATED_RARE/ACCIDENT
2022-07-05 10:30:00,-1.68904805,54.79153823,6,TRAFFIC_EVENTS_CATEGORY/HAZARD/TRIGGERED_MANUALLY/ACCIDENT
2022-07-05 10:30:00,-1.68904805,54.79153823,6,TRAFFIC_EVENTS_CATEGORY/HAZARD/TRIGGERED_MANUALLY/ACCIDENT
2022-07-05 10:30:00,-1.68902802,54.79152679,6,TRAFFIC_EVENTS_CATEGORY/HAZARD/TRIGGERED_MANUALLY/ACCIDENT
2022-07-05 10:30:00,-1.68902802,54.79152679,6,TRAFFIC_EVENTS_CATEGORY/HAZARD/TRIGGERED_MANUALLY/ACCIDENT
2022-07-05 10:30:00,-1.0,54.0,6,TRAFFIC_EVENTS_CATEGORY/HAZARD/TRIGGERED_MANUALLY/ACCIDENT
2022-07-05 10:45:00,-2.16375303,53.36053085,6,TRAFFIC_EVENTS_CATEGORY/HAZARD/TRIGGERED_MANUALLY/ACCIDENT
2022-07-05 10:45:00,-2.164469,53.3594551,6,TRAFFIC_EVENTS_CATEGORY/HAZARD/TRIGGERED_MANUALLY/ACCIDENT
2022-07-05 10:45:00,-2.164469,53.3594551,6,TRAFFIC_EVENTS_CATEGORY/HAZARD/TRIGGERED_MANUALLY/ACCIDENT
2022-07-05 10:45:00,-2.0,53.0,6,TRAFFIC_EVENTS_CATEGORY/HAZARD/TRIGGERED_MANUALLY/ACCIDENT
2022-07-05 10:45:00,-2.164469,53.3594551,6,TRAFFIC_EVENTS_CATEGORY/HAZARD/TRIGGERED_MANUALLY/ACCIDENT
2022-07-05 10:50:00,-0.56060802,51.45972824,6,TRAFFIC_EVENTS_CATEGORY/HAZARD/TRIGGERED_MANUALLY/ACCIDENT
2022-07-05 10:50:00,-0.56058299,51.45972061,6,TRAFFIC_EVENTS_CATEGORY/HAZARD/TRIGGERED_MANUALLY/ACCIDENT
2022-07-05 10:50:00,-0.56060802,51.45972824,6,TRAFFIC_EVENTS_CATEGORY/HAZARD/TRIGGERED_MANUALLY/ACCIDENT
2022-07-05 10:50:00,-0.56060802,51.45972824,6,TRAFFIC_EVENTS_CATEGORY/HAZARD/TRIGGERED_MANUALLY/ACCIDENT
2022-07-05 10:55:00,-1.35800194,53.30810546,6,TRAFFIC_EVENTS_CATEGORY/HAZARD/TRIGGERED_MANUALLY/ACCIDENT
2022-07-05 10:55:00,-1.35800194,53.30810546,6,TRAFFIC_EVENTS_CATEGORY/HAZARD/TRIGGERED_MANUALLY/ACCIDENT
2022-07-05 10:55:00,-1.35800004,53.30808258,6,TRAFFIC_EVENTS_CATEGORY/HAZARD/TRIGGERED_MANUALLY/ACCIDENT
2022-07-05 10:55:00,-1.0,53.0,6,TRAFFIC_EVENTS_CATEGORY/HAZARD/TRIGGERED_MANUALLY/ACCIDENT
2022-07-05 10:55:00,-1.35800004,53.30808258,6,TRAFFIC_EVENTS_CATEGORY/HAZARD/TRIGGERED_MANUALLY/ACCIDENT
2022-07-05 11:00:00,-1.49947702,50.90800476,6,TRAFFIC_EVENTS_CATEGORY/HAZARD/TRIGGERED_MANUALLY/ACCIDENT
2022-07-05 11:00:00,-1.49947702,50.90800476,6,TRAFFIC_EVENTS_CATEGORY/HAZARD/TRIGGERED_MANUALLY/ACCIDENT
2022-07-05 11:00:00,-1.49947702,50.90800476,6,TRAFFIC_EVENTS_CATEGORY/HAZARD/TRIGGERED_MANUALLY/ACCIDENT
2022-07-05 11:00:00,-1.49947702,50.90800476,6,TRAFFIC_EVENTS_CATEGORY/HAZARD/TRIGGERED_MANUALLY/ACCIDENT
2022-07-05 11:15:00,-1.12208473,52.63862609,6,TRAFFIC_EVENTS_CATEGORY/HAZARD/TRIGGERED_MANUALLY/ACCIDENT
2022-07-05 11:15:00,-1.12208473,52.63862609,6,TRAFFIC_EVENTS_CATEGORY/HAZARD/TRIGGERED_MANUALLY/ACCIDENT
2022-07-05 11:15:00,-1.12208473,52.63862609,6,TRAFFIC_EVENTS_CATEGORY/HAZARD/TRIGGERED_MANUALLY/ACCIDENT
2022-07-05 11:15:00,-1.12208473,52.63862609,6,TRAFFIC_EVENTS_CATEGORY/HAZARD/TRIGGERED_MANUALLY/ACCIDENT
2022-07-05 11:15:00,-1.12208473,52.63862609,6,TRAFFIC_EVENTS_CATEGORY/HAZARD/TRIGGERED_MANUALLY/ACCIDENT
2022-07-05 11:15:00,-1.12208473,52.63862609,6,TRAFFIC_EVENTS_CATEGORY/HAZARD/TRIGGERED_MANUALLY/ACCIDENT
2022-07-05 11:15:00,-1.0,52.0,6,TRAFFIC_EVENTS_CATEGORY/HAZARD/TRIGGERED_MANUALLY/ACCIDENT
2022-07-05 11:20:00,-0.21802294,51.43707275,6,TRAFFIC_EVENTS_CATEGORY/HAZARD/TRIGGERED_MANUALLY/ACCIDENT
2022-07-05 11:20:00,-0.21802294,51.43707275,6,TRAFFIC_EVENTS_CATEGORY/HAZARD/TRIGGERED_MANUALLY/ACCIDENT
2022-07-05 11:20:00,-0.21802294,51.43707275,6,TRAFFIC_EVENTS_CATEGORY/HAZARD/TRIGGERED_MANUALLY/ACCIDENT
2022-07-05 11:20:00,-0.21802277,51.43707275,6,TRAFFIC_EVENTS_CATEGORY/HAZARD/TRIGGERED_MANUALLY/ACCIDENT
2022-07-05 11:20:00,-0.21802294,51.43707275,6,TRAFFIC_EVENTS_CATEGORY/HAZARD/TRIGGERED_MANUALLY/ACCIDENT
2022-07-05 11:20:00,-0.21802277,51.43707275,6,TRAFFIC_EVENTS_CATEGORY/HAZARD/TRIGGERED_MANUALLY/ACCIDENT
2022-07-05 11:20:00,-0.21802294,51.43707275,6,TRAFFIC_EVENTS_CATEGORY/HAZARD/TRIGGERED_MANUALLY/ACCIDENT
2022-07-05 11:20:00,-0.21802277,51.43707275,6,TRAFFIC_EVENTS_CATEGORY/HAZARD/TRIGGERED_MANUALLY/ACCIDENT
2022-07-05 11:20:00,-0.21802294,51.43707275,6,TRAFFIC_EVENTS_CATEGORY/HAZARD/TRIGGERED_MANUALLY/ACCIDENT
2022-07-05 11:20:00,-0.21802277,51.43707275,6,TRAFFIC_EVENTS_CATEGORY/HAZARD/TRIGGERED_MANUALLY/ACCIDENT
2022-07-05 11:20:00,-0.21802294,51.43707275,6,TRAFFIC_EVENTS_CATEGORY/HAZARD/TRIGGERED_MANUALLY/ACCIDENT
2022-07-05 11:20:00,-0.21802294,51.43707275,6,TRAFFIC_EVENTS_CATEGORY/HAZARD/TRIGGERED_MANUALLY/ACCIDENT
2022-07-05 11:40:00,-1.22934699,51.71897506,6,TRAFFIC_EVENTS_CATEGORY/HAZARD/TRIGGERED_MANUALLY/ACCIDENT
2022-07-05 11:40:00,-1.22933304,51.71897125,6,TRAFFIC_EVENTS_CATEGORY/HAZARD/TRIGGERED_MANUALLY/ACCIDENT
2022-07-05 11:40:00,-1.22934699,51.71897506,6,TRAFFIC_EVENTS_CATEGORY/HAZARD/TRIGGERED_MANUALLY/ACCIDENT
2022-07-05 11:40:00,-1.22933304,51.71897125,6,TRAFFIC_EVENTS_CATEGORY/HAZARD/TRIGGERED_MANUALLY/ACCIDENT
2022-07-05 11:40:00,-1.22934699,51.71897506,6,TRAFFIC_EVENTS_CATEGORY/HAZARD/TRIGGERED_MANUALLY/ACCIDENT
2022-07-05 11:40:00,-1.22934699,51.71897506,6,TRAFFIC_EVENTS_CATEGORY/HAZARD/TRIGGERED_MANUALLY/ACCIDENT
2022-07-05 11:50:00,-0.11503999,51.38219451,6,TRAFFIC_EVENTS_CATEGORY/HAZARD/TRIGGERED_MANUALLY/ACCIDENT
2022-07-05 11:50:00,-0.11503999,51.38219451,6,TRAFFIC_EVENTS_CATEGORY/HAZARD/TRIGGERED_MANUALLY/ACCIDENT
2022-07-05 11:50:00,-0.115028,51.38216781,6,TRAFFIC_EVENTS_CATEGORY/HAZARD/TRIGGERED_MANUALLY/ACCIDENT
2022-07-05 11:50:00,-0.115028,51.38216781,6,TRAFFIC_EVENTS_CATEGORY/HAZARD/TRIGGERED_MANUALLY/ACCIDENT
2022-07-05 11:55:00,-0.115422,51.36720657,6,TRAFFIC_EVENTS_CATEGORY/HAZARD/TRIGGERED_MANUALLY/ACCIDENT
2022-07-05 11:55:00,-0.115417,51.36719512,6,TRAFFIC_EVENTS_CATEGORY/HAZARD/TRIGGERED_MANUALLY/ACCIDENT
2022-07-05 11:55:00,-0.115422,51.36720657,6,TRAFFIC_EVENTS_CATEGORY/HAZARD/TRIGGERED_MANUALLY/ACCIDENT
2022-07-05 11:55:00,-0.115422,51.36720657,6,TRAFFIC_EVENTS_CATEGORY/HAZARD/TRIGGERED_MANUALLY/ACCIDENT
2022-07-05 12:00:00,-1.43012797,54.99950408,6,TRAFFIC_EVENTS_CATEGORY/HAZARD/TRIGGERED_MANUALLY/ACCIDENT
2022-07-05 12:00:00,-1.43011105,54.99950027,6,TRAFFIC_EVENTS_CATEGORY/HAZARD/TRIGGERED_MANUALLY/ACCIDENT
2022-07-05 12:00:00,-1.43012797,54.99950408,6,TRAFFIC_EVENTS_CATEGORY/HAZARD/TRIGGERED_MANUALLY/ACCIDENT
2022-07-05 12:00:00,-1.43012797,54.99950408,6,TRAFFIC_EVENTS_CATEGORY/HAZARD/TRIGGERED_MANUALLY/ACCIDENT
2022-07-05 12:20:00,-0.07018599,51.48384475,6,TRAFFIC_EVENTS_CATEGORY/HAZARD/TRIGGERED_MANUALLY/ACCIDENT
2022-07-05 12:20:00,-0.07016699,51.48383331,6,TRAFFIC_EVENTS_CATEGORY/HAZARD/TRIGGERED_MANUALLY/ACCIDENT
2022-07-05 12:20:00,-0.07018599,51.48384475,6,TRAFFIC_EVENTS_CATEGORY/HAZARD/TRIGGERED_MANUALLY/ACCIDENT
2022-07-05 12:20:00,-0.07018599,51.48384475,6,TRAFFIC_EVENTS_CATEGORY/HAZARD/TRIGGERED_MANUALLY/ACCIDENT
2022-07-05 12:25:00,-0.115422,51.36720657,6,TRAFFIC_EVENTS_CATEGORY/HAZARD/TRIGGERED_MANUALLY/ACCIDENT
2022-07-05 12:25:00,-0.115417,51.36719512,6,TRAFFIC_EVENTS_CATEGORY/HAZARD/TRIGGERED_MANUALLY/ACCIDENT
2022-07-05 12:25:00,-0.115422,51.36720657,6,TRAFFIC_EVENTS_CATEGORY/HAZARD/TRIGGERED_MANUALLY/ACCIDENT
2022-07-05 12:25:00,-0.115422,51.36720657,6,TRAFFIC_EVENTS_CATEGORY/HAZARD/TRIGGERED_MANUALLY/ACCIDENT
2022-07-05 12:40:00,-0.21155944,51.49885559,6,TRAFFIC_EVENTS_CATEGORY/HAZARD/TRIGGERED_MANUALLY/ACCIDENT
2022-07-05 12:40:00,-0.21155944,51.49885559,6,TRAFFIC_EVENTS_CATEGORY/HAZARD/TRIGGERED_MANUALLY/ACCIDENT
2022-07-05 12:40:00,-0.21155889,51.49885559,6,TRAFFIC_EVENTS_CATEGORY/HAZARD/TRIGGERED_MANUALLY/ACCIDENT
2022-07-05 12:40:00,-0.21155944,51.49885559,6,TRAFFIC_EVENTS_CATEGORY/HAZARD/TRIGGERED_MANUALLY/ACCIDENT
2022-07-05 12:55:00,-2.89109897,53.26286315,6,TRAFFIC_EVENTS_CATEGORY/HAZARD/TRIGGERED_MANUALLY/ACCIDENT
2022-07-05 12:55:00,-2.891083,53.26285934,6,TRAFFIC_EVENTS_CATEGORY/HAZARD/TRIGGERED_MANUALLY/ACCIDENT
2022-07-05 12:55:00,-2.89109897,53.26286315,6,TRAFFIC_EVENTS_CATEGORY/HAZARD/TRIGGERED_MANUALLY/ACCIDENT
2022-07-05 12:55:00,-1.152112,52.95521926,6,TRAFFIC_EVENTS_CATEGORY/HAZARD/TRIGGERED_MANUALLY/ACCIDENT
2022-07-05 12:55:00,-1.15211105,52.95519256,6,TRAFFIC_EVENTS_CATEGORY/HAZARD/TRIGGERED_MANUALLY/ACCIDENT
2022-07-05 12:55:00,-1.15256404,52.95527267,6,TRAFFIC_EVENTS_CATEGORY/HAZARD/TRIGGERED_MANUALLY/ACCIDENT
2022-07-05 12:55:00,-2.0,53.0,6,TRAFFIC_EVENTS_CATEGORY/HAZARD/TRIGGERED_MANUALLY/ACCIDENT
2022-07-05 12:55:00,-2.89109897,53.26286315,6,TRAFFIC_EVENTS_CATEGORY/HAZARD/TRIGGERED_MANUALLY/ACCIDENT
2022-07-05 12:55:00,-1.15256404,52.95527267,6,TRAFFIC_EVENTS_CATEGORY/HAZARD/TRIGGERED_MANUALLY/ACCIDENT
2022-07-05 12:55:00,-1.0,52.0,6,TRAFFIC_EVENTS_CATEGORY/HAZARD/TRIGGERED_MANUALLY/ACCIDENT
2022-07-05 13:10:00,-1.16860282,52.93092727,5,TRAFFIC_EVENTS_CATEGORY/HAZARD/TRIGGERED_AUTOMATED_RARE/ACCIDENT
2022-07-05 13:10:00,-1.16860282,52.93092727,5,TRAFFIC_EVENTS_CATEGORY/HAZARD/TRIGGERED_AUTOMATED_RARE/ACCIDENT
2022-07-05 13:10:00,-1.16860282,52.93092727,5,TRAFFIC_EVENTS_CATEGORY/HAZARD/TRIGGERED_AUTOMATED_RARE/ACCIDENT
2022-07-05 13:10:00,-1.16860282,52.93092727,5,TRAFFIC_EVENTS_CATEGORY/HAZARD/TRIGGERED_AUTOMATED_RARE/ACCIDENT
2022-07-05 13:10:00,-1.16860282,52.93092727,5,TRAFFIC_EVENTS_CATEGORY/HAZARD/TRIGGERED_AUTOMATED_RARE/ACCIDENT
2022-07-05 10:15:00,-1.87079596,57.5851593,5,TRAFFIC_EVENTS_CATEGORY/HAZARD/TRIGGERED_AUTOMATED_RARE/ACCIDENT
2022-07-05 10:15:00,-1.87079596,57.5851593,5,TRAFFIC_EVENTS_CATEGORY/HAZARD/TRIGGERED_AUTOMATED_RARE/ACCIDENT
2022-07-05 10:15:00,-1.87069404,57.585083,5,TRAFFIC_EVENTS_CATEGORY/HAZARD/TRIGGERED_AUTOMATED_RARE/ACCIDENT
2022-07-05 10:15:00,-1.8707,57.58510208,5,TRAFFIC_EVENTS_CATEGORY/HAZARD/TRIGGERED_AUTOMATED_RARE/ACCIDENT
2022-07-05 10:15:00,-1.8707,57.58510208,5,TRAFFIC_EVENTS_CATEGORY/HAZARD/TRIGGERED_AUTOMATED_RARE/ACCIDENT
2022-07-05 10:15:00,-1.8707,57.58510208,5,TRAFFIC_EVENTS_CATEGORY/HAZARD/TRIGGERED_AUTOMATED_RARE/ACCIDENT
2022-07-05 11:30:00,-4.16421413,55.84951782,6,TRAFFIC_EVENTS_CATEGORY/HAZARD/TRIGGERED_MANUALLY/ACCIDENT
2022-07-05 11:30:00,-4.16400003,55.84925079,6,TRAFFIC_EVENTS_CATEGORY/HAZARD/TRIGGERED_MANUALLY/ACCIDENT
2022-07-05 11:30:00,-4.16187286,55.84931564,6,TRAFFIC_EVENTS_CATEGORY/HAZARD/TRIGGERED_MANUALLY/ACCIDENT
2022-07-05 11:30:00,-4.16187286,55.84931564,6,TRAFFIC_EVENTS_CATEGORY/HAZARD/TRIGGERED_MANUALLY/ACCIDENT
2022-07-05 11:30:00,-4.0,55.0,6,TRAFFIC_EVENTS_CATEGORY/HAZARD/TRIGGERED_MANUALLY/ACCIDENT
2022-07-05 11:40:00,-4.47628211,55.84468841,6,TRAFFIC_EVENTS_CATEGORY/HAZARD/TRIGGERED_MANUALLY/ACCIDENT
2022-07-05 11:40:00,-4.47628211,55.84468841,6,TRAFFIC_EVENTS_CATEGORY/HAZARD/TRIGGERED_MANUALLY/ACCIDENT
2022-07-05 11:40:00,-4.47627782,55.84466552,6,TRAFFIC_EVENTS_CATEGORY/HAZARD/TRIGGERED_MANUALLY/ACCIDENT
2022-07-05 11:40:00,-4.47627782,55.84466552,6,TRAFFIC_EVENTS_CATEGORY/HAZARD/TRIGGERED_MANUALLY/ACCIDENT
2022-07-05 11:40:00,-4.0,55.0,6,TRAFFIC_EVENTS_CATEGORY/HAZARD/TRIGGERED_MANUALLY/ACCIDENT
2022-07-05 10:55:00,-6.45639848,52.64269256,6,TRAFFIC_EVENTS_CATEGORY/HAZARD/TRIGGERED_MANUALLY/ACCIDENT
2022-07-05 10:55:00,-6.45639848,52.64269256,6,TRAFFIC_EVENTS_CATEGORY/HAZARD/TRIGGERED_MANUALLY/ACCIDENT
2022-07-05 10:55:00,-6.45639848,52.64269256,6,TRAFFIC_EVENTS_CATEGORY/HAZARD/TRIGGERED_MANUALLY/ACCIDENT
2022-07-05 10:10:00,9.61216163,45.74599456,6,TRAFFIC_EVENTS_CATEGORY/HAZARD/TRIGGERED_MANUALLY/ACCIDENT
2022-07-05 10:10:00,9.61216163,45.74599456,6,TRAFFIC_EVENTS_CATEGORY/HAZARD/TRIGGERED_MANUALLY/ACCIDENT
2022-07-05 10:10:00,9.61213874,45.74597167,6,TRAFFIC_EVENTS_CATEGORY/HAZARD/TRIGGERED_MANUALLY/ACCIDENT
2022-07-05 10:10:00,9.61213874,45.74597167,6,TRAFFIC_EVENTS_CATEGORY/HAZARD/TRIGGERED_MANUALLY/ACCIDENT
2022-07-05 10:10:00,9.0,45.0,6,TRAFFIC_EVENTS_CATEGORY/HAZARD/TRIGGERED_MANUALLY/ACCIDENT
2022-07-05 10:15:00,16.93487739,40.63201522,6,TRAFFIC_EVENTS_CATEGORY/HAZARD/TRIGGERED_MANUALLY/ACCIDENT
2022-07-05 10:15:00,16.93494415,40.63205718,6,TRAFFIC_EVENTS_CATEGORY/HAZARD/TRIGGERED_MANUALLY/ACCIDENT
2022-07-05 10:15:00,16.9344139,40.63274383,6,TRAFFIC_EVENTS_CATEGORY/HAZARD/TRIGGERED_MANUALLY/ACCIDENT
2022-07-05 10:15:00,16.0,40.0,6,TRAFFIC_EVENTS_CATEGORY/HAZARD/TRIGGERED_MANUALLY/ACCIDENT
2022-07-05 10:15:00,16.9344139,40.63274383,6,TRAFFIC_EVENTS_CATEGORY/HAZARD/TRIGGERED_MANUALLY/ACCIDENT
2022-07-05 10:20:00,16.31555747,41.23381805,6,TRAFFIC_EVENTS_CATEGORY/HAZARD/TRIGGERED_MANUALLY/ACCIDENT
2022-07-05 10:20:00,16.31555747,41.23381805,6,TRAFFIC_EVENTS_CATEGORY/HAZARD/TRIGGERED_MANUALLY/ACCIDENT
2022-07-05 10:20:00,16.31555747,41.23381805,6,TRAFFIC_EVENTS_CATEGORY/HAZARD/TRIGGERED_MANUALLY/ACCIDENT
2022-07-05 10:20:00,16.31555747,41.23381805,6,TRAFFIC_EVENTS_CATEGORY/HAZARD/TRIGGERED_MANUALLY/ACCIDENT
2022-07-05 10:20:00,16.31555747,41.23381805,6,TRAFFIC_EVENTS_CATEGORY/HAZARD/TRIGGERED_MANUALLY/ACCIDENT
2022-07-05 10:20:00,16.31555557,41.23380661,6,TRAFFIC_EVENTS_CATEGORY/HAZARD/TRIGGERED_MANUALLY/ACCIDENT
2022-07-05 10:20:00,16.0,41.0,6,TRAFFIC_EVENTS_CATEGORY/HAZARD/TRIGGERED_MANUALLY/ACCIDENT
2022-07-05 10:40:00,9.24430847,45.59656524,7,TRAFFIC_EVENTS_CATEGORY/DANGEROUS_SLOW_DOWN/READING_FUSION/ACCIDENT
2022-07-05 10:40:00,11.89882469,46.45219802,5,TRAFFIC_EVENTS_CATEGORY/HAZARD/TRIGGERED_AUTOMATED_RARE/ACCIDENT
2022-07-05 10:40:00,11.89880561,46.45216751,5,TRAFFIC_EVENTS_CATEGORY/HAZARD/TRIGGERED_AUTOMATED_RARE/ACCIDENT
2022-07-05 10:40:00,11.89880561,46.45216751,5,TRAFFIC_EVENTS_CATEGORY/HAZARD/TRIGGERED_AUTOMATED_RARE/ACCIDENT
2022-07-05 10:40:00,11.89880561,46.45216751,5,TRAFFIC_EVENTS_CATEGORY/HAZARD/TRIGGERED_AUTOMATED_RARE/ACCIDENT
2022-07-05 10:45:00,11.31171226,46.83667373,5,TRAFFIC_EVENTS_CATEGORY/HAZARD/TRIGGERED_AUTOMATED_RARE/ACCIDENT
2022-07-05 10:45:00,11.31170463,46.83668136,5,TRAFFIC_EVENTS_CATEGORY/HAZARD/TRIGGERED_AUTOMATED_RARE/ACCIDENT
2022-07-05 10:45:00,11.31170463,46.83668136,5,TRAFFIC_EVENTS_CATEGORY/HAZARD/TRIGGERED_AUTOMATED_RARE/ACCIDENT
2022-07-05 10:45:00,11.31170463,46.83668136,5,TRAFFIC_EVENTS_CATEGORY/HAZARD/TRIGGERED_AUTOMATED_RARE/ACCIDENT
2022-07-05 10:45:00,11.0,46.0,5,TRAFFIC_EVENTS_CATEGORY/HAZARD/TRIGGERED_AUTOMATED_RARE/ACCIDENT
2022-07-05 10:50:00,10.31896305,44.7968254,6,TRAFFIC_EVENTS_CATEGORY/HAZARD/TRIGGERED_MANUALLY/ACCIDENT
2022-07-05 10:50:00,10.31894397,44.79680633,6,TRAFFIC_EVENTS_CATEGORY/HAZARD/TRIGGERED_MANUALLY/ACCIDENT
2022-07-05 10:50:00,10.31896305,44.7968254,6,TRAFFIC_EVENTS_CATEGORY/HAZARD/TRIGGERED_MANUALLY/ACCIDENT
2022-07-05 10:50:00,10.31896305,44.7968254,6,TRAFFIC_EVENTS_CATEGORY/HAZARD/TRIGGERED_MANUALLY/ACCIDENT
2022-07-05 11:10:00,11.30650138,46.47813415,5,TRAFFIC_EVENTS_CATEGORY/HAZARD/TRIGGERED_AUTOMATED_RARE/ACCIDENT
2022-07-05 11:10:00,11.30650138,46.47813415,5,TRAFFIC_EVENTS_CATEGORY/HAZARD/TRIGGERED_AUTOMATED_RARE/ACCIDENT
2022-07-05 11:10:00,11.30650138,46.47813415,5,TRAFFIC_EVENTS_CATEGORY/HAZARD/TRIGGERED_AUTOMATED_RARE/ACCIDENT
2022-07-05 11:10:00,11.30650138,46.47813415,5,TRAFFIC_EVENTS_CATEGORY/HAZARD/TRIGGERED_AUTOMATED_RARE/ACCIDENT
2022-07-05 11:10:00,11.0,46.0,5,TRAFFIC_EVENTS_CATEGORY/HAZARD/TRIGGERED_AUTOMATED_RARE/ACCIDENT
2022-07-05 11:25:00,12.42484569,41.78899383,6,TRAFFIC_EVENTS_CATEGORY/HAZARD/TRIGGERED_MANUALLY/ACCIDENT
2022-07-05 11:25:00,12.42484569,41.78899383,6,TRAFFIC_EVENTS_CATEGORY/HAZARD/TRIGGERED_MANUALLY/ACCIDENT
2022-07-05 11:25:00,12.42484569,41.78899383,6,TRAFFIC_EVENTS_CATEGORY/HAZARD/TRIGGERED_MANUALLY/ACCIDENT
2022-07-05 11:25:00,12.42484569,41.78899383,6,TRAFFIC_EVENTS_CATEGORY/HAZARD/TRIGGERED_MANUALLY/ACCIDENT
2022-07-05 11:25:00,12.42484569,41.78899383,6,TRAFFIC_EVENTS_CATEGORY/HAZARD/TRIGGERED_MANUALLY/ACCIDENT
2022-07-05 11:25:00,12.42484569,41.78899383,6,TRAFFIC_EVENTS_CATEGORY/HAZARD/TRIGGERED_MANUALLY/ACCIDENT
2022-07-05 11:35:00,10.60519218,44.69683837,6,TRAFFIC_EVENTS_CATEGORY/HAZARD/TRIGGERED_MANUALLY/ACCIDENT
2022-07-05 11:35:00,10.60519218,44.69683837,6,TRAFFIC_EVENTS_CATEGORY/HAZARD/TRIGGERED_MANUALLY/ACCIDENT
2022-07-05 11:35:00,11.06284618,44.18858337,6,TRAFFIC_EVENTS_CATEGORY/HAZARD/TRIGGERED_MANUALLY/ACCIDENT
2022-07-05 11:35:00,10.60551261,44.69675064,6,TRAFFIC_EVENTS_CATEGORY/HAZARD/TRIGGERED_MANUALLY/ACCIDENT
2022-07-05 11:35:00,11.06296443,44.18730163,6,TRAFFIC_EVENTS_CATEGORY/HAZARD/TRIGGERED_MANUALLY/ACCIDENT
2022-07-05 11:35:00,11.06294441,44.18727874,6,TRAFFIC_EVENTS_CATEGORY/HAZARD/TRIGGERED_MANUALLY/ACCIDENT
2022-07-05 11:35:00,11.0,44.0,6,TRAFFIC_EVENTS_CATEGORY/HAZARD/TRIGGERED_MANUALLY/ACCIDENT
2022-07-05 11:35:00,11.06294441,44.18727874,6,TRAFFIC_EVENTS_CATEGORY/HAZARD/TRIGGERED_MANUALLY/ACCIDENT
2022-07-05 11:35:00,10.60551261,44.69675064,6,TRAFFIC_EVENTS_CATEGORY/HAZARD/TRIGGERED_MANUALLY/ACCIDENT
2022-07-05 11:35:00,11.06481647,44.18284988,6,TRAFFIC_EVENTS_CATEGORY/HAZARD/TRIGGERED_MANUALLY/ACCIDENT
2022-07-05 11:35:00,10.60681343,44.69602203,6,TRAFFIC_EVENTS_CATEGORY/HAZARD/TRIGGERED_MANUALLY/ACCIDENT
2022-07-05 11:35:00,8.35124397,45.6702423,7,TRAFFIC_EVENTS_CATEGORY/DANGEROUS_SLOW_DOWN/READING_FUSION/ACCIDENT
2022-07-05 11:35:00,10.60681343,44.69602203,6,TRAFFIC_EVENTS_CATEGORY/HAZARD/TRIGGERED_MANUALLY/ACCIDENT
2022-07-05 11:35:00,13.5076704,46.50396347,7,TRAFFIC_EVENTS_CATEGORY/DANGEROUS_SLOW_DOWN/READING_FUSION/ACCIDENT
2022-07-05 12:10:00,17.36869049,40.4599533,5,TRAFFIC_EVENTS_CATEGORY/HAZARD/TRIGGERED_AUTOMATED_RARE/ACCIDENT
2022-07-05 12:10:00,17.36895751,40.45998382,5,TRAFFIC_EVENTS_CATEGORY/HAZARD/TRIGGERED_AUTOMATED_RARE/ACCIDENT
2022-07-05 12:10:00,17.36894416,40.45997238,5,TRAFFIC_EVENTS_CATEGORY/HAZARD/TRIGGERED_AUTOMATED_RARE/ACCIDENT
2022-07-05 12:10:00,17.36895751,40.45998382,5,TRAFFIC_EVENTS_CATEGORY/HAZARD/TRIGGERED_AUTOMATED_RARE/ACCIDENT
2022-07-05 12:10:00,17.36895751,40.45998382,5,TRAFFIC_EVENTS_CATEGORY/HAZARD/TRIGGERED_AUTOMATED_RARE/ACCIDENT
2022-07-05 12:10:00,17.36895751,40.45998382,5,TRAFFIC_EVENTS_CATEGORY/HAZARD/TRIGGERED_AUTOMATED_RARE/ACCIDENT
2022-07-05 12:25:00,11.7068386,45.76012039,6,TRAFFIC_EVENTS_CATEGORY/HAZARD/TRIGGERED_MANUALLY/ACCIDENT
2022-07-05 12:25:00,11.7068386,45.76012039,6,TRAFFIC_EVENTS_CATEGORY/HAZARD/TRIGGERED_MANUALLY/ACCIDENT
2022-07-05 12:25:00,11.7068386,45.76012039,6,TRAFFIC_EVENTS_CATEGORY/HAZARD/TRIGGERED_MANUALLY/ACCIDENT
2022-07-05 12:25:00,11.7068386,45.76012039,6,TRAFFIC_EVENTS_CATEGORY/HAZARD/TRIGGERED_MANUALLY/ACCIDENT
2022-07-05 12:25:00,11.7068386,45.76012039,6,TRAFFIC_EVENTS_CATEGORY/HAZARD/TRIGGERED_MANUALLY/ACCIDENT
2022-07-05 12:25:00,11.7068386,45.76012039,6,TRAFFIC_EVENTS_CATEGORY/HAZARD/TRIGGERED_MANUALLY/ACCIDENT
2022-07-05 12:25:00,11.0,45.0,6,TRAFFIC_EVENTS_CATEGORY/HAZARD/TRIGGERED_MANUALLY/ACCIDENT
2022-07-05 12:35:00,8.03741359,45.5567398,6,TRAFFIC_EVENTS_CATEGORY/HAZARD/TRIGGERED_MANUALLY/ACCIDENT
2022-07-05 12:35:00,8.0373888,45.55672073,6,TRAFFIC_EVENTS_CATEGORY/HAZARD/TRIGGERED_MANUALLY/ACCIDENT
2022-07-05 12:35:00,8.03741359,45.5567398,6,TRAFFIC_EVENTS_CATEGORY/HAZARD/TRIGGERED_MANUALLY/ACCIDENT
2022-07-05 12:35:00,8.03741359,45.5567398,6,TRAFFIC_EVENTS_CATEGORY/HAZARD/TRIGGERED_MANUALLY/ACCIDENT
2022-07-05 12:35:00,8.0,45.0,6,TRAFFIC_EVENTS_CATEGORY/HAZARD/TRIGGERED_MANUALLY/ACCIDENT
2022-07-05 12:40:00,14.31710815,41.09696197,6,TRAFFIC_EVENTS_CATEGORY/HAZARD/TRIGGERED_MANUALLY/ACCIDENT
2022-07-05 12:40:00,14.31710815,41.09696197,6,TRAFFIC_EVENTS_CATEGORY/HAZARD/TRIGGERED_MANUALLY/ACCIDENT
2022-07-05 12:40:00,14.0,41.0,6,TRAFFIC_EVENTS_CATEGORY/HAZARD/TRIGGERED_MANUALLY/ACCIDENT
2022-07-05 12:40:00,14.31710815,41.09696197,6,TRAFFIC_EVENTS_CATEGORY/HAZARD/TRIGGERED_MANUALLY/ACCIDENT
2022-07-05 12:40:00,14.31710815,41.09696197,6,TRAFFIC_EVENTS_CATEGORY/HAZARD/TRIGGERED_MANUALLY/ACCIDENT
2022-07-05 12:40:00,14.31710815,41.09696197,6,TRAFFIC_EVENTS_CATEGORY/HAZARD/TRIGGERED_MANUALLY/ACCIDENT
2022-07-05 12:40:00,14.31710815,41.09696197,6,TRAFFIC_EVENTS_CATEGORY/HAZARD/TRIGGERED_MANUALLY/ACCIDENT
2022-07-05 12:40:00,14.31710815,41.09696197,6,TRAFFIC_EVENTS_CATEGORY/HAZARD/TRIGGERED_MANUALLY/ACCIDENT
2022-07-05 12:40:00,14.31710815,41.09696197,6,TRAFFIC_EVENTS_CATEGORY/HAZARD/TRIGGERED_MANUALLY/ACCIDENT
2022-07-05 12:40:00,14.31710815,41.09696197,6,TRAFFIC_EVENTS_CATEGORY/HAZARD/TRIGGERED_MANUALLY/ACCIDENT
2022-07-05 12:40:00,14.31710815,41.09696197,6,TRAFFIC_EVENTS_CATEGORY/HAZARD/TRIGGERED_MANUALLY/ACCIDENT
2022-07-05 12:40:00,14.31710815,41.09696197,6,TRAFFIC_EVENTS_CATEGORY/HAZARD/TRIGGERED_MANUALLY/ACCIDENT
2022-07-05 12:40:00,14.0,41.0,6,TRAFFIC_EVENTS_CATEGORY/HAZARD/TRIGGERED_MANUALLY/ACCIDENT
2022-07-05 12:55:00,9.17432594,41.16744613,5,TRAFFIC_EVENTS_CATEGORY/HAZARD/TRIGGERED_AUTOMATED_RARE/ACCIDENT
2022-07-05 12:55:00,9.17433261,41.16747283,5,TRAFFIC_EVENTS_CATEGORY/HAZARD/TRIGGERED_AUTOMATED_RARE/ACCIDENT
2022-07-05 12:55:00,9.17434501,41.16748046,5,TRAFFIC_EVENTS_CATEGORY/HAZARD/TRIGGERED_AUTOMATED_RARE/ACCIDENT
2022-07-05 12:55:00,9.0,41.0,5,TRAFFIC_EVENTS_CATEGORY/HAZARD/TRIGGERED_AUTOMATED_RARE/ACCIDENT
2022-07-05 12:55:00,9.17434501,41.16748046,5,TRAFFIC_EVENTS_CATEGORY/HAZARD/TRIGGERED_AUTOMATED_RARE/ACCIDENT
2022-07-05 12:55:00,14.24750328,40.90202331,6,TRAFFIC_EVENTS_CATEGORY/HAZARD/TRIGGERED_MANUALLY/ACCIDENT
2022-07-05 12:55:00,14.24750328,40.90202331,6,TRAFFIC_EVENTS_CATEGORY/HAZARD/TRIGGERED_MANUALLY/ACCIDENT
2022-07-05 12:55:00,14.24750328,40.90202331,6,TRAFFIC_EVENTS_CATEGORY/HAZARD/TRIGGERED_MANUALLY/ACCIDENT
2022-07-05 13:05:00,11.77718639,46.47870254,5,TRAFFIC_EVENTS_CATEGORY/HAZARD/TRIGGERED_AUTOMATED_RARE/ACCIDENT
2022-07-05 13:05:00,11.77755641,46.47855758,5,TRAFFIC_EVENTS_CATEGORY/HAZARD/TRIGGERED_AUTOMATED_RARE/ACCIDENT
2022-07-05 13:05:00,11.77781295,46.47851943,5,TRAFFIC_EVENTS_CATEGORY/HAZARD/TRIGGERED_AUTOMATED_RARE/ACCIDENT
2022-07-05 10:35:00,5.88927793,51.69024658,6,TRAFFIC_EVENTS_CATEGORY/HAZARD/TRIGGERED_MANUALLY/ACCIDENT
2022-07-05 10:35:00,5.89156389,51.68535232,6,TRAFFIC_EVENTS_CATEGORY/HAZARD/TRIGGERED_MANUALLY/ACCIDENT
2022-07-05 10:35:00,5.89156389,51.68535232,6,TRAFFIC_EVENTS_CATEGORY/HAZARD/TRIGGERED_MANUALLY/ACCIDENT
2022-07-05 10:35:00,5.89156389,51.68535232,6,TRAFFIC_EVENTS_CATEGORY/HAZARD/TRIGGERED_MANUALLY/ACCIDENT
2022-07-05 12:15:00,4.36676597,52.1111145,6,TRAFFIC_EVENTS_CATEGORY/HAZARD/TRIGGERED_MANUALLY/ACCIDENT
2022-07-05 12:15:00,4.36674976,52.11111068,6,TRAFFIC_EVENTS_CATEGORY/HAZARD/TRIGGERED_MANUALLY/ACCIDENT
2022-07-05 12:15:00,4.36676597,52.1111145,6,TRAFFIC_EVENTS_CATEGORY/HAZARD/TRIGGERED_MANUALLY/ACCIDENT
2022-07-05 12:15:00,4.36676597,52.1111145,6,TRAFFIC_EVENTS_CATEGORY/HAZARD/TRIGGERED_MANUALLY/ACCIDENT
2022-07-05 12:40:00,6.11880397,52.51856231,5,TRAFFIC_EVENTS_CATEGORY/HAZARD/TRIGGERED_AUTOMATED_RARE/ACCIDENT
2022-07-05 12:40:00,6.11869382,52.51850128,5,TRAFFIC_EVENTS_CATEGORY/HAZARD/TRIGGERED_AUTOMATED_RARE/ACCIDENT
2022-07-05 12:40:00,6.1187148,52.51852416,5,TRAFFIC_EVENTS_CATEGORY/HAZARD/TRIGGERED_AUTOMATED_RARE/ACCIDENT
2022-07-05 12:40:00,6.1187148,52.51852416,5,TRAFFIC_EVENTS_CATEGORY/HAZARD/TRIGGERED_AUTOMATED_RARE/ACCIDENT
2022-07-05 12:40:00,6.1187148,52.51852416,5,TRAFFIC_EVENTS_CATEGORY/HAZARD/TRIGGERED_AUTOMATED_RARE/ACCIDENT
2022-07-05 12:40:00,6.1187148,52.51852416,5,TRAFFIC_EVENTS_CATEGORY/HAZARD/TRIGGERED_AUTOMATED_RARE/ACCIDENT
2022-07-05 12:40:00,6.0,52.0,5,TRAFFIC_EVENTS_CATEGORY/HAZARD/TRIGGERED_AUTOMATED_RARE/ACCIDENT
2022-07-05 12:40:00,6.1187148,52.51852416,5,TRAFFIC_EVENTS_CATEGORY/HAZARD/TRIGGERED_AUTOMATED_RARE/ACCIDENT
2022-07-05 11:05:00,10.6291809,59.89993286,6,TRAFFIC_EVENTS_CATEGORY/HAZARD/TRIGGERED_MANUALLY/ACCIDENT
2022-07-05 11:05:00,10.6291809,59.89993286,6,TRAFFIC_EVENTS_CATEGORY/HAZARD/TRIGGERED_MANUALLY/ACCIDENT
2022-07-05 11:05:00,10.6291666,59.8999176,6,TRAFFIC_EVENTS_CATEGORY/HAZARD/TRIGGERED_MANUALLY/ACCIDENT
2022-07-05 11:05:00,10.0,59.0,6,TRAFFIC_EVENTS_CATEGORY/HAZARD/TRIGGERED_MANUALLY/ACCIDENT
2022-07-05 11:05:00,10.6291809,59.89993286,6,TRAFFIC_EVENTS_CATEGORY/HAZARD/TRIGGERED_MANUALLY/ACCIDENT
2022-07-05 13:05:00,11.08719444,59.27697753,6,TRAFFIC_EVENTS_CATEGORY/HAZARD/TRIGGERED_MANUALLY/ACCIDENT
2022-07-05 13:05:00,11.08798313,59.27605819,6,TRAFFIC_EVENTS_CATEGORY/HAZARD/TRIGGERED_MANUALLY/ACCIDENT
2022-07-05 13:05:00,11.08797168,59.27605438,6,TRAFFIC_EVENTS_CATEGORY/HAZARD/TRIGGERED_MANUALLY/ACCIDENT
2022-07-05 13:05:00,11.08797168,59.27605438,6,TRAFFIC_EVENTS_CATEGORY/HAZARD/TRIGGERED_MANUALLY/ACCIDENT
2022-07-05 10:00:00,19.44185829,51.06669998,6,TRAFFIC_EVENTS_CATEGORY/HAZARD/TRIGGERED_MANUALLY/ACCIDENT
2022-07-05 10:00:00,19.44183349,51.06669235,6,TRAFFIC_EVENTS_CATEGORY/HAZARD/TRIGGERED_MANUALLY/ACCIDENT
2022-07-05 10:00:00,19.44185829,51.06669998,6,TRAFFIC_EVENTS_CATEGORY/HAZARD/TRIGGERED_MANUALLY/ACCIDENT
2022-07-05 10:00:00,19.44185829,51.06669998,6,TRAFFIC_EVENTS_CATEGORY/HAZARD/TRIGGERED_MANUALLY/ACCIDENT
2022-07-05 10:00:00,19.0,51.0,6,TRAFFIC_EVENTS_CATEGORY/HAZARD/TRIGGERED_MANUALLY/ACCIDENT
2022-07-05 10:25:00,18.41156768,54.71700286,6,TRAFFIC_EVENTS_CATEGORY/HAZARD/TRIGGERED_MANUALLY/ACCIDENT
2022-07-05 10:25:00,18.41155624,54.71699905,6,TRAFFIC_EVENTS_CATEGORY/HAZARD/TRIGGERED_MANUALLY/ACCIDENT
2022-07-05 10:25:00,18.41156768,54.71700286,6,TRAFFIC_EVENTS_CATEGORY/HAZARD/TRIGGERED_MANUALLY/ACCIDENT
2022-07-05 10:25:00,18.0,54.0,6,TRAFFIC_EVENTS_CATEGORY/HAZARD/TRIGGERED_MANUALLY/ACCIDENT
2022-07-05 10:25:00,18.41156768,54.71700286,6,TRAFFIC_EVENTS_CATEGORY/HAZARD/TRIGGERED_MANUALLY/ACCIDENT
2022-07-05 10:25:00,18.41156768,54.71700286,6,TRAFFIC_EVENTS_CATEGORY/HAZARD/TRIGGERED_MANUALLY/ACCIDENT
2022-07-04 11:50:00,16.18117904,51.19757461,6,TRAFFIC_EVENTS_CATEGORY/HAZARD/TRIGGERED_MANUALLY/ACCIDENT
2022-07-04 11:50:00,16.18117904,51.19757461,6,TRAFFIC_EVENTS_CATEGORY/HAZARD/TRIGGERED_MANUALLY/ACCIDENT
2022-07-04 11:50:00,16.18117904,51.19757461,6,TRAFFIC_EVENTS_CATEGORY/HAZARD/TRIGGERED_MANUALLY/ACCIDENT
2022-07-04 11:50:00,16.18117904,51.19757461,6,TRAFFIC_EVENTS_CATEGORY/HAZARD/TRIGGERED_MANUALLY/ACCIDENT
2022-07-05 11:50:00,16.0,51.0,6,TRAFFIC_EVENTS_CATEGORY/HAZARD/TRIGGERED_MANUALLY/ACCIDENT
2022-07-05 12:25:00,23.05283546,50.47981643,6,TRAFFIC_EVENTS_CATEGORY/HAZARD/TRIGGERED_MANUALLY/ACCIDENT
2022-07-05 12:25:00,23.05283355,50.47980499,6,TRAFFIC_EVENTS_CATEGORY/HAZARD/TRIGGERED_MANUALLY/ACCIDENT
2022-07-05 12:25:00,23.05283546,50.47981643,6,TRAFFIC_EVENTS_CATEGORY/HAZARD/TRIGGERED_MANUALLY/ACCIDENT
2022-07-05 12:25:00,23.05283546,50.47981643,6,TRAFFIC_EVENTS_CATEGORY/HAZARD/TRIGGERED_MANUALLY/ACCIDENT
2022-07-05 10:00:00,-8.61886882,41.13654327,6,TRAFFIC_EVENTS_CATEGORY/HAZARD/TRIGGERED_MANUALLY/ACCIDENT
2022-07-05 10:00:00,-8.61886787,41.13654327,6,TRAFFIC_EVENTS_CATEGORY/HAZARD/TRIGGERED_MANUALLY/ACCIDENT
2022-07-05 10:00:00,-8.61886787,41.13654327,6,TRAFFIC_EVENTS_CATEGORY/HAZARD/TRIGGERED_MANUALLY/ACCIDENT
2022-07-05 10:00:00,-8.61886882,41.13654327,6,TRAFFIC_EVENTS_CATEGORY/HAZARD/TRIGGERED_MANUALLY/ACCIDENT
2022-07-05 10:00:00,-8.0,41.0,6,TRAFFIC_EVENTS_CATEGORY/HAZARD/TRIGGERED_MANUALLY/ACCIDENT
2022-07-05 10:05:00,-8.57696247,40.51887512,6,TRAFFIC_EVENTS_CATEGORY/HAZARD/TRIGGERED_MANUALLY/ACCIDENT
2022-07-05 10:05:00,-8.57696247,40.51887512,6,TRAFFIC_EVENTS_CATEGORY/HAZARD/TRIGGERED_MANUALLY/ACCIDENT
2022-07-05 10:05:00,-8.57696247,40.51887512,6,TRAFFIC_EVENTS_CATEGORY/HAZARD/TRIGGERED_MANUALLY/ACCIDENT
2022-07-05 10:05:00,-8.57696247,40.51887512,6,TRAFFIC_EVENTS_CATEGORY/HAZARD/TRIGGERED_MANUALLY/ACCIDENT
2022-07-05 10:05:00,-8.0,40.0,6,TRAFFIC_EVENTS_CATEGORY/HAZARD/TRIGGERED_MANUALLY/ACCIDENT
1970-02-09 23:30:00,-8.49814033,41.13933563,5,TRAFFIC_EVENTS_CATEGORY/HAZARD/TRIGGERED_AUTOMATED_RARE/ACCIDENT
1970-02-09 23:30:00,-8.49813938,41.13933563,5,TRAFFIC_EVENTS_CATEGORY/HAZARD/TRIGGERED_AUTOMATED_RARE/ACCIDENT
1970-02-09 23:30:00,-8.49813938,41.13933563,5,TRAFFIC_EVENTS_CATEGORY/HAZARD/TRIGGERED_AUTOMATED_RARE/ACCIDENT
1970-02-09 23:30:00,-8.49813938,41.13933563,5,TRAFFIC_EVENTS_CATEGORY/HAZARD/TRIGGERED_AUTOMATED_RARE/ACCIDENT
1970-02-09 23:30:00,-8.49813556,41.13933944,5,TRAFFIC_EVENTS_CATEGORY/HAZARD/TRIGGERED_AUTOMATED_RARE/ACCIDENT
1970-02-09 23:30:00,-8.0,41.0,5,TRAFFIC_EVENTS_CATEGORY/HAZARD/TRIGGERED_AUTOMATED_RARE/ACCIDENT
2022-07-05 10:25:00,-8.49813556,41.13933944,5,TRAFFIC_EVENTS_CATEGORY/HAZARD/TRIGGERED_AUTOMATED_RARE/ACCIDENT
2022-07-05 10:25:00,-8.49789333,41.14097595,5,TRAFFIC_EVENTS_CATEGORY/HAZARD/TRIGGERED_AUTOMATED_RARE/ACCIDENT
2022-07-05 10:25:00,-8.49789333,41.14097595,5,TRAFFIC_EVENTS_CATEGORY/HAZARD/TRIGGERED_AUTOMATED_RARE/ACCIDENT
2022-07-05 10:25:00,-8.49852371,41.14291381,5,TRAFFIC_EVENTS_CATEGORY/HAZARD/TRIGGERED_AUTOMATED_RARE/ACCIDENT
2022-07-05 10:25:00,-8.49855422,41.14296722,5,TRAFFIC_EVENTS_CATEGORY/HAZARD/TRIGGERED_AUTOMATED_RARE/ACCIDENT
2022-07-05 10:25:00,-8.49855422,41.14296722,5,TRAFFIC_EVENTS_CATEGORY/HAZARD/TRIGGERED_AUTOMATED_RARE/ACCIDENT
2022-07-05 10:25:00,-8.49855422,41.14296722,5,TRAFFIC_EVENTS_CATEGORY/HAZARD/TRIGGERED_AUTOMATED_RARE/ACCIDENT
2022-07-05 10:25:00,-8.49854373,41.14295959,5,TRAFFIC_EVENTS_CATEGORY/HAZARD/TRIGGERED_AUTOMATED_RARE/ACCIDENT
2022-07-05 10:25:00,-8.0,41.0,5,TRAFFIC_EVENTS_CATEGORY/HAZARD/TRIGGERED_AUTOMATED_RARE/ACCIDENT
2022-07-05 10:35:00,-8.18967056,41.42401885,6,TRAFFIC_EVENTS_CATEGORY/HAZARD/TRIGGERED_MANUALLY/ACCIDENT
2022-07-05 10:35:00,-8.18667316,41.42438125,6,TRAFFIC_EVENTS_CATEGORY/HAZARD/TRIGGERED_MANUALLY/ACCIDENT
2022-07-05 10:35:00,-8.18666744,41.42436218,6,TRAFFIC_EVENTS_CATEGORY/HAZARD/TRIGGERED_MANUALLY/ACCIDENT
2022-07-05 10:35:00,-8.18666744,41.42436218,6,TRAFFIC_EVENTS_CATEGORY/HAZARD/TRIGGERED_MANUALLY/ACCIDENT
2022-07-05 10:35:00,-8.0,41.0,6,TRAFFIC_EVENTS_CATEGORY/HAZARD/TRIGGERED_MANUALLY/ACCIDENT
2022-07-05 10:45:00,-7.26126384,40.97042465,6,TRAFFIC_EVENTS_CATEGORY/HAZARD/TRIGGERED_MANUALLY/ACCIDENT
2022-07-05 10:45:00,-7.26126194,40.97042465,6,TRAFFIC_EVENTS_CATEGORY/HAZARD/TRIGGERED_MANUALLY/ACCIDENT
2022-07-05 10:45:00,-7.26125001,40.97041702,6,TRAFFIC_EVENTS_CATEGORY/HAZARD/TRIGGERED_MANUALLY/ACCIDENT
2022-07-05 10:45:00,-7.26125001,40.97041702,6,TRAFFIC_EVENTS_CATEGORY/HAZARD/TRIGGERED_MANUALLY/ACCIDENT
2022-07-05 10:45:00,-7.0,40.0,6,TRAFFIC_EVENTS_CATEGORY/HAZARD/TRIGGERED_MANUALLY/ACCIDENT
2022-07-05 11:10:00,-7.39463186,40.99052047,5,TRAFFIC_EVENTS_CATEGORY/HAZARD/TRIGGERED_AUTOMATED_RARE/ACCIDENT
2022-07-05 11:10:00,-7.39463806,40.99052047,5,TRAFFIC_EVENTS_CATEGORY/HAZARD/TRIGGERED_AUTOMATED_RARE/ACCIDENT
2022-07-05 11:10:00,-7.39463901,40.9905281,5,TRAFFIC_EVENTS_CATEGORY/HAZARD/TRIGGERED_AUTOMATED_RARE/ACCIDENT
2022-07-05 12:35:00,17.97802162,59.33312225,6,TRAFFIC_EVENTS_CATEGORY/HAZARD/TRIGGERED_MANUALLY/ACCIDENT
2022-07-05 12:35:00,17.97800064,59.3331108,6,TRAFFIC_EVENTS_CATEGORY/HAZARD/TRIGGERED_MANUALLY/ACCIDENT
2022-07-05 12:35:00,17.97802162,59.33312225,6,TRAFFIC_EVENTS_CATEGORY/HAZARD/TRIGGERED_MANUALLY/ACCIDENT
2022-07-05 12:35:00,17.97802162,59.33312225,6,TRAFFIC_EVENTS_CATEGORY/HAZARD/TRIGGERED_MANUALLY/ACCIDENT
